date,nb_cars,nb_cars_cxl,nb_bookings,nb_bookings_cxl,hourly rate,WE package,1 week package,1 month package,other package,2 weeks package,turnover,discount,booking_fees,lead_time_hours,standard,premium,6H à 9H,15H à 18H,9H à 12H,12H à 15H,0H à 6H,18H à 24H,+24h,06:00 24:00,00:30 06:00,00:00 00:30,strike,holidays,vacation
2021-06-01,16,1,9,0,9,1,6,0,0,0,537.5,161.25,15.0,126.93376543209844,13,3,5,4,4,1,2,0,16,0,0,0,0,0,0
2021-06-02,18,1,10,0,11,0,7,0,0,0,466.8,140.04,9.0,142.4012222222219,11,7,8,3,4,1,2,0,18,0,0,0,0,0,0
2021-06-03,21,1,13,3,14,0,7,0,0,0,692.7,207.81,6.0,76.61769097222194,13,8,10,2,4,2,2,1,21,0,0,0,0,0,0
2021-06-04,22,1,38,3,12,0,10,0,0,0,1710.3,513.09,15.0,157.3957317073167,16,6,8,2,5,2,4,1,22,0,0,0,0,0,0
2021-06-05,50,4,18,0,20,23,7,0,0,0,686.1,205.83,6.0,257.3720987654316,42,8,9,15,8,7,4,7,49,1,0,0,0,0,0
2021-06-06,59,3,4,3,22,29,8,0,0,0,123.3,36.99,3.0,212.6191666666664,51,8,11,18,12,6,5,7,56,3,0,0,0,0,0
2021-06-07,20,5,14,0,7,5,8,0,0,0,639.5,191.85,12.0,174.14128968253928,16,4,4,3,8,1,3,1,20,0,0,0,0,0,0
2021-06-08,16,5,13,3,11,1,4,0,0,0,685.6,205.68,6.0,159.14128472222183,13,3,4,2,2,6,2,0,16,0,0,0,0,0,0
2021-06-09,20,4,20,3,14,0,6,0,0,0,989.6,296.88,18.0,84.64382850241522,17,3,7,3,1,7,2,0,20,0,0,0,0,0,0
2021-06-10,28,5,20,0,19,0,9,0,0,0,1251.0,375.3,6.0,136.78924999999978,21,7,9,7,1,6,4,1,28,0,0,0,0,0,0
2021-06-11,33,3,36,2,18,0,15,0,0,0,1674.4,502.32,33.0,137.5189254385962,29,4,9,7,2,8,5,2,33,0,0,0,0,0,0
2021-06-12,55,3,24,2,18,21,16,0,0,0,903.8,271.14,9.0,175.32445512820473,43,12,13,15,6,14,3,4,55,0,0,0,0,0,0
2021-06-13,68,4,7,0,21,31,16,0,0,0,331.3,99.39,3.0,143.5263095238093,54,14,19,16,9,14,6,4,65,3,0,0,0,0,0
2021-06-14,29,1,18,0,7,9,13,0,0,0,1162.8,348.84,6.0,105.0833641975306,25,4,9,4,5,4,5,2,28,1,0,0,0,0,0
2021-06-15,26,0,12,0,13,1,11,0,1,0,603.0,180.9,9.0,87.68351851851808,25,1,8,4,3,6,3,2,26,0,0,0,0,0,0
2021-06-16,32,0,19,0,23,0,9,0,0,0,907.0,272.1,12.0,116.54103801169556,28,4,10,6,2,7,5,2,32,0,0,0,0,0,0
2021-06-17,34,0,23,4,23,0,11,0,0,0,1364.1,410.73,30.0,363.8500205761313,29,5,11,3,8,5,5,2,33,1,0,0,0,0,0
2021-06-18,36,3,40,5,19,0,17,0,0,0,1959.8,587.94,18.0,162.83727160493802,27,9,12,6,9,0,6,3,35,1,0,0,0,0,0
2021-06-19,57,6,18,3,19,20,18,0,0,0,627.4,188.22,6.0,80.04822751322725,44,13,10,14,8,7,11,7,56,1,0,0,0,0,0
2021-06-20,59,5,10,4,16,28,15,0,0,0,501.7,150.51,18.0,178.3785119047614,45,14,17,14,4,7,9,8,58,1,0,0,0,0,0
2021-06-21,33,4,27,2,7,9,17,0,0,0,1363.7,409.11,27.0,141.81504789272,21,12,9,10,2,4,4,4,31,2,0,0,0,0,0
2021-06-22,37,3,19,1,21,2,14,0,0,0,943.9,283.17,12.0,239.06261111111093,24,13,9,6,7,4,8,3,35,2,0,0,0,0,0
2021-06-23,41,4,26,1,29,0,12,0,0,0,1465.8,439.74,18.0,131.98416666666637,26,15,10,6,5,9,8,3,41,0,0,0,0,0,0
2021-06-24,47,5,28,1,30,0,17,0,0,0,1406.5,421.95,15.0,148.89787356321824,32,15,16,6,6,6,10,3,47,0,0,0,0,0,0
2021-06-25,50,6,38,5,32,0,18,0,0,0,1575.3,457.8,18.0,210.3902260981909,37,13,15,11,8,5,10,1,48,2,0,0,0,0,0
2021-06-26,63,7,17,4,24,24,15,0,0,0,555.6,165.12,18.0,220.71850529100536,50,13,15,24,6,8,6,4,62,1,0,0,0,0,0
2021-06-27,62,10,7,1,15,31,16,0,0,0,381.5,114.45,3.0,260.6317013888888,48,14,13,27,7,4,6,5,60,2,0,0,0,0,0
2021-06-28,27,4,26,0,8,11,8,0,0,0,1243.5,359.76,15.0,206.75518162393132,21,6,7,9,3,5,2,1,26,1,0,0,0,0,0
2021-06-29,32,2,11,2,25,0,7,0,0,0,530.9,159.27,0.0,424.52286324786377,25,7,6,7,4,8,7,0,32,0,0,0,0,0,0
2021-06-30,27,1,7,1,20,0,7,0,0,0,214.2,51.96,6.0,254.4641666666666,23,4,6,5,3,6,7,0,27,0,0,0,0,0,0
2021-07-01,11,1,20,2,6,0,5,0,0,0,1120.4,338.17,0.0,135.84599747474724,11,0,4,1,0,2,4,0,11,0,0,0,0,0,0
2021-07-02,20,3,41,2,14,0,6,0,0,0,1769.4,530.82,0.0,180.52640180878524,20,0,6,4,2,4,2,2,18,2,0,0,0,0,0
2021-07-03,48,4,22,3,19,25,4,0,0,0,858.9,257.67,0.0,223.4384555555553,48,0,5,11,4,13,7,8,47,1,0,0,0,0,0
2021-07-04,63,6,11,0,23,36,4,0,0,0,482.1,144.63,0.0,289.1942676767678,63,0,10,14,6,14,10,9,59,4,0,0,0,0,0
2021-07-05,31,3,24,0,12,15,4,0,0,0,1316.8,395.04,0.0,93.5730439814812,31,0,5,6,4,9,7,0,31,0,0,0,0,0,0
2021-07-06,32,1,29,2,24,3,5,0,0,0,1266.4,379.92,0.0,120.5263620071682,32,0,9,4,4,8,7,0,30,2,0,0,0,0,1
2021-07-07,41,1,16,0,31,2,8,0,0,0,595.0,178.5,0.0,65.97223958333294,41,0,11,7,2,10,10,1,41,0,0,0,0,0,1
2021-07-08,32,1,17,3,24,0,8,0,0,0,891.4,267.42,0.0,59.5583611111108,32,0,8,3,3,7,9,2,30,2,0,0,0,0,1
2021-07-09,26,2,28,5,14,0,12,0,0,0,1369.3,410.79,0.0,310.6808838383839,26,0,6,3,3,4,8,2,25,1,0,0,0,0,1
2021-07-10,41,6,28,2,15,13,13,0,0,0,1432.2,429.66,0.0,294.3038425925921,41,0,6,10,3,7,9,6,41,0,0,0,0,0,1
2021-07-11,58,7,18,0,14,27,17,0,0,0,806.6,241.98,0.0,131.97589506172804,58,0,17,10,4,8,13,6,56,2,0,0,0,0,1
2021-07-12,44,4,20,1,9,15,20,0,0,0,757.9,227.37,0.0,78.59322751322728,44,0,19,7,2,6,8,2,43,1,0,0,0,0,1
2021-07-13,36,3,18,4,14,2,20,0,0,0,1165.2,349.56,0.0,149.142083333333,36,0,16,4,3,6,4,3,34,2,0,0,0,0,1
2021-07-14,36,7,11,0,10,0,26,0,0,0,732.2,219.66,0.0,182.142702020202,36,0,9,4,7,6,8,2,34,2,0,0,0,1,1
2021-07-15,37,6,20,1,9,0,28,0,0,0,727.3,234.19,0.0,47.235251322750905,37,0,9,4,9,5,9,1,36,1,0,0,0,0,1
2021-07-16,41,7,31,0,18,0,23,0,0,0,1411.4,423.42,0.0,183.55362903225776,41,0,10,3,9,5,13,1,40,1,0,0,0,0,1
2021-07-17,53,6,16,3,13,18,22,0,0,0,794.5,238.35,0.0,193.68128654970704,53,0,12,15,8,8,6,4,53,0,0,0,0,0,1
2021-07-18,60,8,10,1,12,25,23,0,0,0,450.4,135.12,0.0,149.46118686868655,60,0,10,15,7,11,10,7,59,1,0,0,0,0,1
2021-07-19,26,5,25,0,7,6,13,0,0,0,1311.4,393.42,0.0,203.3266222222221,26,0,2,5,2,7,4,6,24,2,0,0,0,0,1
2021-07-20,36,2,28,2,21,1,14,0,0,0,1452.6,435.78,0.0,134.73260185185163,36,0,7,3,4,3,15,4,32,4,0,0,0,0,1
2021-07-21,44,2,24,0,27,0,17,0,0,0,1288.5,386.55,0.0,129.02333333333308,44,0,15,6,4,4,12,3,44,0,0,0,0,0,1
2021-07-22,48,1,14,2,26,0,22,0,0,0,660.6,198.18,0.0,156.4619965277775,48,0,17,6,7,4,12,2,48,0,0,0,0,0,1
2021-07-23,39,1,24,4,16,0,23,0,0,0,1150.6,345.18,0.0,233.46349206349163,39,0,13,7,5,6,6,2,38,1,0,0,0,0,1
2021-07-24,42,5,19,1,14,11,17,0,0,0,892.6999999999999,272.69,0.0,410.2323888888885,42,0,9,6,5,10,8,4,42,0,0,0,0,0,1
2021-07-25,47,6,11,1,14,19,14,0,0,0,720.5,216.15,0.0,186.6109027777772,47,0,9,6,9,10,11,2,44,3,0,0,0,0,1
2021-07-26,35,3,19,2,6,12,17,0,0,0,1178.8,353.64,0.0,368.29023809523807,35,0,7,5,5,7,11,0,35,0,0,0,0,0,1
2021-07-27,37,2,30,0,10,4,23,0,0,0,1836.3,550.89,0.0,183.8459444444441,37,0,9,4,9,3,12,0,36,1,0,0,0,0,1
2021-07-28,53,2,11,0,20,1,32,0,0,0,503.2,150.96,0.0,139.39169191919154,53,0,11,8,12,6,14,2,53,0,0,0,0,0,1
2021-07-29,51,1,15,0,19,1,31,0,0,0,645.8,193.74,0.0,90.14698148148106,51,0,12,4,11,6,16,2,51,0,0,0,0,0,1
2021-07-30,40,1,37,3,9,1,30,0,0,0,1966.0,565.8000000000001,3.0,226.96911805555493,40,0,11,2,8,4,11,4,40,0,0,0,0,0,1
2021-07-31,55,4,36,3,13,14,27,0,1,0,914.0,255.33,12.0,125.25002849002824,54,1,7,9,10,7,11,11,52,3,0,0,0,0,1
2021-08-01,64,5,19,1,18,20,21,0,5,0,1077.2,304.5,6.0,226.5737083333333,60,4,8,12,9,9,11,15,53,10,1,0,0,0,1
2021-08-02,43,2,22,1,11,8,24,0,0,0,1610.5,483.15,0.0,181.8599999999996,40,3,10,5,6,4,9,9,42,1,0,0,0,0,1
2021-08-03,42,3,15,2,16,1,25,0,0,0,933.0,278.31,3.0,206.8773039215684,41,1,13,2,9,4,8,6,42,0,0,0,0,0,1
2021-08-04,50,5,17,0,22,0,28,0,0,0,896.4,259.2,3.0,111.84253267973816,50,0,13,3,12,5,13,4,50,0,0,0,0,0,1
2021-08-05,50,5,18,1,22,0,28,0,0,0,912.0,273.6,0.0,278.3929093567251,49,1,15,4,11,6,12,2,49,1,0,0,1,0,1
2021-08-06,48,4,25,2,17,0,31,0,0,0,941.0,280.71,3.0,157.72173868312746,48,0,13,4,11,6,12,2,48,0,0,0,0,0,1
2021-08-07,47,5,29,1,13,14,20,0,0,0,1366.8,388.44,6.0,140.65870370370357,47,0,11,7,7,10,8,4,46,1,0,0,0,0,1
2021-08-08,57,3,22,1,6,29,21,0,1,0,1200.4,304.2,12.0,185.27381642512057,55,2,16,7,7,10,13,4,57,0,0,0,0,0,1
2021-08-09,52,3,15,2,9,17,26,0,0,0,976.0,268.2,3.0,316.61789215686247,49,3,17,4,5,12,12,2,51,1,0,0,0,0,1
2021-08-10,46,3,22,1,10,5,31,0,0,0,1696.7,460.41,6.0,158.0426570048306,44,2,18,3,6,9,9,1,46,0,0,0,0,0,1
2021-08-11,50,3,11,0,14,0,36,0,0,0,651.9,168.21,9.0,120.7118434343432,46,4,20,3,4,9,10,4,50,0,0,0,0,0,1
2021-08-12,49,3,14,1,14,0,35,0,0,0,736.4,238.32,3.0,134.32012962962926,44,5,20,3,5,6,10,5,49,0,0,0,0,0,1
2021-08-13,48,4,23,3,12,0,36,0,0,0,1137.7,296.28000000000003,6.0,278.86648504273467,43,5,16,3,5,6,11,7,48,0,0,0,0,0,1
2021-08-14,55,7,20,2,13,8,34,0,0,0,721.4,216.42,0.0,169.70919191919162,50,5,15,9,6,6,10,9,53,2,0,0,0,0,1
2021-08-15,54,7,76,2,10,14,29,0,1,0,1738.8,516.35,18.0,51.32872507122465,51,3,11,9,8,5,10,11,52,1,0,1,0,1,1
2021-08-16,74,9,24,4,33,6,27,0,8,0,1570.1,468.48,6.0,180.17014880952337,70,4,7,23,10,7,9,18,39,34,1,0,0,0,1
2021-08-17,46,3,20,0,13,1,32,0,0,0,1147.5,321.24,6.0,83.25001388888856,45,1,13,2,10,2,11,8,46,0,0,0,0,0,1
2021-08-18,53,3,15,0,19,0,34,0,0,0,589.3,138.72,12.0,120.04437037037026,51,2,17,3,10,2,13,8,53,0,0,0,0,0,1
2021-08-19,50,2,21,1,17,0,33,0,0,0,1068.0,336.8,0.0,54.05477272727232,47,3,13,4,9,4,12,8,49,1,0,0,0,0,1
2021-08-20,50,1,34,1,14,0,36,0,0,0,1565.2,424.05,6.0,100.90046825396789,49,1,16,6,8,2,10,8,49,1,0,0,0,0,1
2021-08-21,58,1,9,0,11,18,29,0,0,0,314.1,84.21000000000001,3.0,125.96265432098744,55,3,9,12,10,9,11,7,57,1,0,0,0,0,1
2021-08-22,54,1,14,3,6,23,25,0,0,0,927.0,237.24,6.0,250.04759803921533,50,4,11,12,8,8,9,6,54,0,0,0,0,0,1
2021-08-23,38,2,17,1,10,6,22,0,0,0,749.3,224.79,0.0,134.04123456790094,34,4,10,6,4,5,11,2,37,1,0,0,0,0,1
2021-08-24,38,3,29,1,18,1,19,0,0,0,1756.9,498.72,6.0,146.50599074074026,35,3,13,5,4,5,11,0,38,0,0,0,0,0,1
2021-08-25,49,1,16,5,24,0,24,0,1,0,922.2,276.66,0.0,236.1060052910049,47,2,16,4,6,6,16,1,48,1,0,0,0,0,1
2021-08-26,45,6,17,3,20,0,25,0,0,0,1021.4,296.7,3.0,299.0453888888886,44,1,15,3,6,4,15,2,45,0,0,0,0,0,1
2021-08-27,41,5,30,2,15,0,26,0,0,0,1301.5,347.01,9.0,165.35894965277754,40,1,13,2,6,3,15,2,41,0,0,0,0,0,1
2021-08-28,52,5,55,2,18,13,21,0,0,0,1041.2,291.90000000000003,18.0,60.959385964911895,49,3,12,5,7,9,11,8,52,0,0,0,0,0,1
2021-08-29,79,6,15,1,35,19,16,0,9,0,760.9,197.52,6.0,157.33171874999982,73,6,11,16,11,12,11,18,51,23,5,0,0,0,1
2021-08-30,30,3,20,1,10,8,12,0,0,0,943.9,289.65,0.0,149.22156084656066,29,1,9,3,3,5,6,4,30,0,0,0,0,0,1
2021-08-31,32,3,11,0,14,4,14,0,0,0,771.8,206.94,3.0,120.830833333333,31,1,5,2,4,5,10,6,32,0,0,0,0,0,1
2021-09-01,22,2,14,2,0,0,22,0,0,0,665.4,199.62,0.0,81.60265624999963,20,2,4,3,2,5,3,5,22,0,0,0,0,0,1
2021-09-02,24,0,17,0,7,0,17,0,0,0,842.4,208.68,9.0,102.44421568627418,22,2,8,2,3,3,4,4,24,0,0,0,0,0,0
2021-09-03,31,0,37,3,16,0,15,0,0,0,1458.8,424.35,3.0,116.49944444444402,26,5,11,5,4,4,6,1,30,1,0,0,0,0,0
2021-09-04,49,3,21,2,14,25,10,0,0,0,1067.6,298.77,3.0,58.33479468599,45,4,8,21,3,6,6,5,49,0,0,0,0,0,0
2021-09-05,58,4,13,2,10,40,8,0,0,0,879.0,246.84,3.0,146.94879629629608,56,2,12,21,7,9,3,6,58,0,0,0,0,0,0
2021-09-06,30,3,36,1,7,11,12,0,0,0,2016.8,513.99,18.0,118.2971621621618,27,3,9,4,5,8,2,2,29,1,0,0,0,0,0
2021-09-07,50,1,15,2,27,2,21,0,0,0,932.3,279.69,0.0,117.87799019607806,42,8,20,2,2,13,12,1,50,0,0,0,0,0,0
2021-09-08,45,1,23,4,22,0,23,0,0,0,939.9,252.81,9.0,123.74761316872404,42,3,18,3,5,11,7,1,45,0,0,0,0,0,0
2021-09-09,52,2,23,1,28,0,24,0,0,0,1183.7,326.97,9.0,52.52900462962916,49,3,19,6,4,9,12,2,51,1,0,0,0,0,0
2021-09-10,41,1,50,1,19,0,22,0,0,0,2281.4,632.67,12.0,127.66687363834394,39,2,15,7,5,5,8,1,41,0,0,0,0,0,0
2021-09-11,64,1,23,3,20,30,14,0,0,0,868.0,250.68,3.0,100.63797008546976,59,5,8,21,9,13,9,4,64,0,0,0,0,0,0
2021-09-12,75,4,10,2,19,41,15,0,0,0,637.4,191.22,0.0,154.3947916666665,71,4,17,22,9,12,12,3,74,1,0,0,0,0,0
2021-09-13,35,2,31,1,9,11,15,0,0,0,1709.6,483.72,9.0,125.46501736111088,33,2,9,9,5,5,7,0,35,0,0,0,0,0,0
2021-09-14,41,1,33,1,25,0,16,0,0,0,1718.9,411.33,21.0,126.74894607843116,39,2,11,4,8,4,13,1,41,0,0,0,0,0,0
2021-09-15,54,2,32,2,36,0,18,0,0,0,1250.9,318.54,12.0,90.74312908496702,48,6,16,6,10,8,13,1,53,1,0,0,0,0,0
2021-09-16,58,2,22,4,39,0,18,0,1,0,1045.2,294.12,6.0,87.88511752136722,51,7,16,7,10,12,11,2,56,2,0,0,0,0,0
2021-09-17,48,4,56,1,31,0,17,0,0,0,2406.7,685.89,12.0,93.81523879142271,42,6,14,9,7,11,7,0,47,1,0,0,0,0,0
2021-09-18,64,1,39,1,23,27,14,0,0,0,1478.9,401.4,12.0,142.0017152777775,61,3,10,23,8,9,9,5,64,0,0,0,0,0,0
2021-09-19,87,2,33,3,28,48,11,0,0,0,991.8,293.31,3.0,166.5342592592589,82,5,25,24,9,8,16,5,86,1,0,0,0,0,0
2021-09-20,36,4,40,1,12,12,12,0,0,0,1915.9,544.83,12.0,117.37156504064993,34,2,11,6,6,3,8,2,36,0,0,0,0,0,0
2021-09-21,51,1,37,3,37,2,12,0,0,0,2063.8,547.53,12.0,181.44838888888856,48,3,11,11,6,7,14,2,49,2,0,0,0,0,0
2021-09-22,53,2,26,2,35,0,18,0,0,0,1305.2,331.26,12.0,159.1850793650789,50,3,11,10,6,9,13,4,52,1,0,0,0,0,0
2021-09-23,55,3,24,5,36,0,19,0,0,0,1013.1,265.77,9.0,105.335823754789,48,7,9,10,7,13,11,5,55,0,0,0,0,0,0
2021-09-24,45,5,44,2,26,0,19,0,0,0,1882.1,527.25,9.0,151.1740519323669,39,6,7,6,7,13,8,4,45,0,0,0,0,0,0
2021-09-25,61,6,19,0,21,24,16,0,0,0,697.0,209.1,0.0,130.63125730994102,55,6,10,16,7,15,4,9,60,1,0,0,0,0,0
2021-09-26,65,5,24,0,21,30,14,0,0,0,803.3,243.15,0.0,111.69392361111086,60,5,17,17,6,14,3,8,64,1,0,0,0,0,0
2021-09-27,35,0,33,4,8,8,14,0,5,0,1716.2,465.27,12.0,170.2666291291288,34,1,9,6,3,6,5,6,29,6,0,0,0,0,0
2021-09-28,39,3,30,0,24,0,15,0,0,0,1355.7,377.55,9.0,114.08685185185163,35,4,13,4,4,6,9,3,38,1,0,0,0,0,0
2021-09-29,50,1,35,1,33,0,17,0,0,0,1581.1,417.6,12.0,120.84961419753051,48,2,14,8,4,9,12,3,49,1,0,0,0,0,0
2021-09-30,57,2,23,2,42,0,15,0,0,0,949.3,268.92,6.0,132.45961111111092,53,4,16,11,5,9,14,2,57,0,0,0,0,0,0
2021-10-01,49,3,53,0,31,0,12,0,6,0,2227.6,519.69,24.0,140.38133123689698,46,3,16,10,5,4,7,7,41,3,5,0,0,0,0
2021-10-02,68,0,16,1,24,36,8,0,0,0,535.2,101.61,6.0,79.68165032679711,60,8,9,31,6,7,11,4,68,0,0,0,0,0,0
2021-10-03,69,1,14,0,17,45,7,0,0,0,871.0,120.21,9.0,197.81051587301576,61,8,19,30,4,9,3,4,68,1,0,0,0,0,0
2021-10-04,30,0,22,4,9,12,9,0,0,0,1086.1,158.76,18.0,158.59544871794844,26,4,8,8,3,5,5,1,30,0,0,0,0,0,0
2021-10-05,31,3,18,1,15,3,13,0,0,0,913.2,81.33,3.0,260.4337573099413,24,7,13,4,5,4,5,0,31,0,0,0,0,0,0
2021-10-06,35,1,20,1,20,0,15,0,0,0,782.8,61.5,18.0,156.2799206349204,31,4,15,2,6,7,5,0,35,0,0,0,0,0,0
2021-10-07,33,1,29,1,16,0,17,0,0,0,1459.3,167.82,9.0,136.21233333333302,29,4,12,4,7,6,4,0,32,1,0,0,0,0,0
2021-10-08,46,1,51,2,27,0,19,0,0,0,2104.4,128.43,15.0,153.52669287211717,40,6,12,11,4,12,6,1,45,1,0,0,0,0,0
2021-10-09,72,2,20,1,25,35,12,0,0,0,597.7,34.89,9.0,134.0126587301583,65,7,9,28,7,12,8,8,72,0,0,0,0,0,0
2021-10-10,75,3,4,0,14,52,9,0,0,0,233.3,0.0,3.0,104.6396527777775,67,8,16,26,11,9,5,8,75,0,0,0,0,0,0
2021-10-11,23,1,26,1,3,12,8,0,0,0,1304.1,160.07999999999998,24.0,306.4553292181069,21,2,9,4,4,4,0,2,23,0,0,0,0,0,0
2021-10-12,25,1,26,2,19,0,6,0,0,0,1431.3,45.03,3.0,144.2493749999999,18,7,8,2,5,6,4,0,25,0,0,0,0,0,0
2021-10-13,40,2,24,1,32,0,8,0,0,0,1221.2,50.58,15.0,190.10326666666649,35,5,16,1,9,6,7,1,40,0,0,0,0,0,0
2021-10-14,46,2,24,0,35,0,11,0,0,0,1003.7,19.44,6.0,100.18540509259218,39,7,13,6,5,11,9,2,45,1,0,0,0,0,0
2021-10-15,49,2,48,2,38,0,11,0,0,0,1964.4,63.63,9.0,121.54109444444406,42,7,17,7,6,9,9,1,49,0,0,0,0,0,0
2021-10-16,62,3,19,0,20,33,9,0,0,0,667.3,21.51,6.0,93.13527777777752,55,7,11,18,8,15,5,5,62,0,0,0,0,0,0
2021-10-17,73,3,21,0,14,51,8,0,0,0,664.7,6.12,15.0,90.7309920634916,67,6,20,16,8,15,9,5,73,0,0,0,0,0,0
2021-10-18,38,1,22,1,8,20,6,0,4,0,1009.1,44.04,9.0,128.60274154589334,32,6,8,7,4,8,6,5,32,5,1,0,0,0,0
2021-10-19,30,1,25,1,20,4,6,0,0,0,1090.0,13.29,12.0,133.06942307692285,25,5,6,4,6,9,4,1,30,0,0,0,0,0,0
2021-10-20,36,2,16,2,32,0,4,0,0,0,772.3,37.89,9.0,136.79489197530827,29,7,12,3,4,12,4,1,35,1,0,0,0,0,0
2021-10-21,30,1,21,3,25,0,5,0,0,0,932.3,98.58,12.0,219.55402777777743,24,6,10,2,4,10,4,0,30,0,0,0,0,0,0
2021-10-22,25,4,52,1,20,0,5,0,0,0,1978.1,115.37,24.0,165.7622117400416,21,4,7,2,2,8,6,0,25,0,0,0,0,0,0
2021-10-23,56,4,20,0,18,31,7,0,0,0,648.9,14.37,12.0,145.74905555555546,49,7,7,19,5,15,5,5,54,2,0,0,0,0,1
2021-10-24,63,1,35,5,10,46,7,0,0,0,1193.8,66.03,9.0,125.07585416666632,55,8,12,18,10,14,4,5,62,1,0,0,0,0,1
2021-10-25,53,4,26,0,13,22,12,0,6,0,1462.4,34.32,21.0,168.4660149572647,47,6,8,11,10,11,4,9,42,10,1,0,0,0,1
2021-10-26,40,1,21,2,19,2,18,0,1,0,981.9,57.15,9.0,265.77183574879194,33,7,8,9,9,5,7,2,40,0,0,0,0,0,1
2021-10-27,40,0,26,1,22,0,17,0,1,0,1412.6,72.6,15.0,275.0983847736622,36,4,6,9,7,2,14,2,40,0,0,0,0,0,1
2021-10-28,48,1,19,2,25,0,22,0,1,0,1133.3,134.49,12.0,625.1621560846567,43,5,12,4,8,7,15,2,48,0,0,0,0,0,1
2021-10-29,46,3,50,1,22,0,22,0,2,0,2625.6,145.73,6.0,247.41886710239623,40,6,14,7,7,5,11,2,45,1,0,0,0,0,1
2021-10-30,78,3,48,1,21,25,30,0,2,0,1949.3,28.74,12.0,141.83933673469366,73,5,18,24,8,9,8,11,76,2,0,0,0,0,1
2021-10-31,104,1,20,1,11,65,28,0,0,0,1024.7,65.46000000000001,12.0,320.89589947089945,98,6,27,24,16,11,15,11,103,1,0,0,0,0,1
2021-11-01,93,2,9,0,4,59,29,0,1,0,684.8,73.80000000000001,6.0,772.1359567901242,86,7,25,19,17,7,15,10,92,1,0,0,0,1,1
2021-11-02,40,2,27,0,4,10,25,0,1,0,1556.7,20.43,12.0,206.13246913580213,34,6,12,8,7,5,6,2,40,0,0,0,0,0,1
2021-11-03,47,1,26,1,8,0,32,0,7,0,1451.9,44.43,15.0,296.0351337448559,42,5,17,8,6,6,9,1,47,0,0,0,0,0,1
2021-11-04,56,2,27,0,16,0,28,0,12,0,518.3,0.0,15.0,110.52669753086386,50,6,17,9,6,6,17,1,54,2,0,0,0,0,1
2021-11-05,48,1,37,2,19,0,21,0,8,0,1140.6,13.8,21.0,135.001994301994,42,6,12,11,7,6,9,3,42,4,2,0,0,0,1
2021-11-06,54,3,15,0,7,30,13,0,4,0,403.6,10.8,9.0,193.1398888888886,46,8,8,23,5,7,8,3,54,0,0,0,0,0,1
2021-11-07,50,3,14,2,4,37,9,0,0,0,607.2,0.0,6.0,186.28673611111083,43,7,8,23,4,4,8,3,49,1,0,0,0,0,1
2021-11-08,17,2,27,1,6,9,2,0,0,0,1072.1,12.72,21.0,156.5027380952379,14,3,5,2,1,3,3,3,16,1,0,0,0,0,0
2021-11-09,30,3,20,2,24,3,3,0,0,0,1034.8,0.0,9.0,86.71147727272691,24,6,7,7,2,7,4,3,30,0,0,0,0,0,0
2021-11-10,32,3,28,0,27,0,5,0,0,0,1829.7,49.2,9.0,181.58024801587248,25,7,9,6,2,5,9,1,32,0,0,0,0,0,0
2021-11-11,38,1,20,1,18,0,20,0,0,0,1372.4,24.0,9.0,177.19186507936467,31,7,12,7,3,6,8,2,38,0,0,0,0,1,0
2021-11-12,44,1,15,0,19,0,24,0,1,0,532.8,18.9,3.0,119.9523148148144,36,8,12,8,8,6,8,2,44,0,0,0,0,0,0
2021-11-13,51,1,14,0,14,11,25,0,1,0,449.4,11.67,6.0,100.02932539682536,43,8,11,16,6,8,7,3,51,0,0,0,0,0,0
2021-11-14,51,1,3,1,5,23,23,0,0,0,177.1,0.0,0.0,128.785555555555,42,9,12,14,6,5,11,3,51,0,0,0,0,0,0
2021-11-15,20,2,31,4,1,11,8,0,0,0,1796.7,126.75,18.0,783.799968253968,16,4,7,5,1,2,3,2,20,0,0,0,0,0,0
2021-11-16,32,3,24,2,16,1,13,0,2,0,1077.1,0.0,18.0,139.35553418803391,26,6,9,5,2,5,10,1,32,0,0,0,0,0,0
2021-11-17,44,5,24,1,31,0,12,0,1,0,1154.0,0.0,9.0,98.5254666666664,37,7,11,6,4,13,9,1,44,0,0,0,1,0,0
2021-11-18,40,2,31,7,24,0,16,0,0,0,1240.8,0.0,18.0,97.68740497075991,36,4,11,9,6,6,7,1,39,1,0,0,0,0,0
2021-11-19,44,5,36,2,28,0,16,0,0,0,1213.8,55.17,12.0,175.44193713450264,37,7,13,9,5,10,6,1,44,0,0,0,0,0,0
2021-11-20,49,5,20,2,14,24,11,0,0,0,859.7,0.0,12.0,107.5452777777777,44,5,10,15,3,10,4,7,49,0,0,0,0,0,0
2021-11-21,58,4,19,1,6,41,11,0,0,0,874.2,20.43,9.0,191.4131388888888,50,8,15,16,5,8,6,8,58,0,0,0,0,0,0
2021-11-22,38,3,27,0,10,16,12,0,0,0,1386.6,3.0,12.0,150.79986625514377,32,6,11,8,5,3,7,4,38,0,0,0,0,0,0
2021-11-23,38,1,25,4,20,3,15,0,0,0,1184.9,16.29,15.0,144.06400383141732,33,5,8,4,6,10,9,1,38,0,0,0,0,0,0
2021-11-24,43,3,25,2,26,0,17,0,0,0,1198.5,0.0,12.0,194.72282921810668,36,7,13,3,6,10,7,4,43,0,0,0,0,0,0
2021-11-25,50,4,33,2,32,0,17,0,1,0,1555.8,0.0,12.0,110.63594444444418,42,8,12,4,7,17,5,5,49,1,0,0,0,0,0
2021-11-26,54,1,51,1,39,0,13,0,2,0,1991.7,46.26,15.0,201.1915598290595,48,6,15,10,5,13,7,4,53,1,0,0,0,0,0
2021-11-27,70,1,29,0,28,31,10,0,1,0,972.3,5.4,12.0,87.95462643678135,64,6,15,22,5,13,7,8,70,0,0,0,0,0,0
2021-11-28,86,0,8,0,21,58,6,0,1,0,429.1,0.0,0.0,690.690659722221,76,10,24,21,12,15,6,8,85,1,0,0,0,0,0
2021-11-29,30,0,30,4,2,25,3,0,0,0,1513.9,0.0,21.0,226.7744526143788,29,1,8,6,5,4,6,1,30,0,0,0,0,0,0
2021-11-30,34,4,22,0,19,7,8,0,0,0,1145.2,0.0,9.0,155.29672979797954,28,6,6,5,2,11,10,0,34,0,0,0,0,0,0
2021-12-01,37,1,22,5,28,0,9,0,0,0,1097.6,45.03,12.0,216.246440329218,31,6,6,8,2,9,11,1,37,0,0,0,0,0,0
2021-12-02,37,5,23,2,28,0,9,0,0,0,990.2,24.0,12.0,166.29813333333317,30,7,9,8,5,9,4,2,37,0,0,0,0,0,0
2021-12-03,38,5,42,4,30,0,8,0,0,0,1473.3,13.8,18.0,101.0211473429948,31,7,9,7,6,10,6,0,36,2,0,0,0,0,0
2021-12-04,53,5,26,1,17,30,6,0,0,0,831.5,21.6,9.0,429.45303497942393,46,7,5,18,7,12,4,7,53,0,0,0,0,0,0
2021-12-05,62,4,11,1,10,47,5,0,0,0,560.4,5.98,9.0,204.827546296296,55,7,6,18,10,12,9,7,62,0,0,0,0,0,0
2021-12-06,31,2,27,4,2,24,5,0,0,0,1228.2,13.29,18.0,197.52962365591347,28,3,4,8,8,3,7,1,31,0,0,0,0,0,0
2021-12-07,34,5,24,3,23,5,6,0,0,0,1354.8,34.32,12.0,349.92415637860057,27,7,8,4,5,7,8,2,33,1,0,0,0,0,0
2021-12-08,39,6,22,2,31,0,8,0,0,0,1153.2,0.0,3.0,130.21624999999975,33,6,10,7,0,14,7,1,38,1,0,0,0,0,0
2021-12-09,41,3,31,1,29,0,12,0,0,0,1345.6,0.0,12.0,146.6742274305552,34,7,10,8,1,15,6,1,40,1,0,0,0,0,0
2021-12-10,46,2,40,4,29,0,16,0,1,0,1454.2,0.0,15.0,197.5566603535352,40,6,15,5,4,10,9,3,44,2,0,0,0,0,0
2021-12-11,60,4,30,0,19,28,13,0,0,0,813.7,0.0,12.0,180.18866666666628,54,6,15,23,3,11,4,4,59,1,0,0,0,0,0
2021-12-12,75,3,14,0,12,52,11,0,0,0,753.2,0.0,9.0,287.6424007936505,67,8,24,22,7,9,10,3,75,0,0,0,0,0,0
2021-12-13,32,1,15,9,4,21,7,0,0,0,753.8,0.0,12.0,243.2605324074073,29,3,6,6,6,4,9,1,32,0,0,0,0,0,0
2021-12-14,24,7,27,3,13,5,6,0,0,0,1174.3,0.0,12.0,194.65040740740704,18,6,8,2,3,4,7,0,24,0,0,0,0,0,0
2021-12-15,31,8,17,2,25,0,6,0,0,0,638.5999999999999,0.0,3.0,171.19875730994136,25,6,7,3,6,6,9,0,31,0,0,0,0,0,0
2021-12-16,28,6,15,2,23,0,5,0,0,0,767.7,0.0,12.0,304.0429411764708,25,3,10,2,3,5,7,1,26,2,0,0,0,0,0
2021-12-17,21,4,30,6,13,0,8,0,0,0,1211.2,0.0,15.0,197.07639660493808,18,3,7,3,1,2,7,1,20,1,0,0,0,0,0
2021-12-18,36,7,13,1,8,20,8,0,0,0,680.6,0.0,9.0,331.5288888888889,30,6,4,16,3,6,5,2,36,0,0,0,0,0,1
2021-12-19,44,6,13,0,4,30,10,0,0,0,911.0,0.0,9.0,411.7455982905988,37,7,7,16,7,8,4,2,44,0,0,0,0,0,1
2021-12-20,38,1,19,1,6,17,15,0,0,0,1099.9,0.0,6.0,277.6618194444441,30,8,7,10,11,4,5,1,38,0,0,0,0,0,1
2021-12-21,40,1,10,2,13,6,21,0,0,0,637.6,0.0,6.0,186.13418981481468,34,6,11,7,8,5,8,1,40,0,0,0,0,0,1
2021-12-22,37,2,21,2,11,2,24,0,0,0,1263.9,0.0,9.0,252.14393719806736,32,5,10,6,8,5,7,1,37,0,0,0,0,0,1
2021-12-23,39,3,20,1,4,0,34,0,1,0,1505.0,0.0,9.0,425.5492592592592,35,4,8,10,10,5,4,2,38,0,1,0,0,0,1
2021-12-24,51,2,28,1,9,0,42,0,0,0,1643.9,0.0,12.0,176.51247126436746,45,6,8,13,15,7,8,0,51,0,0,0,0,0,1
2021-12-25,73,3,25,2,17,8,48,0,0,0,1275.7,0.0,0.0,127.81308641975276,63,10,13,13,22,14,11,0,73,0,0,0,0,1,1
2021-12-26,88,4,8,1,13,26,49,0,0,0,577.7,0.0,3.0,200.713271604938,78,10,24,12,24,17,11,0,88,0,0,0,0,0,1
2021-12-27,65,4,10,1,4,19,42,0,0,0,522.7,0.0,0.0,256.24409090909046,61,4,18,11,18,10,8,0,65,0,0,0,0,0,1
2021-12-28,47,4,8,0,7,6,34,0,0,0,610.3,0.0,24.0,113.57944444444423,44,3,15,8,10,3,11,0,47,0,0,0,0,0,1
2021-12-29,37,3,11,0,9,0,28,0,0,0,671.8,0.0,6.0,121.9451262626259,32,5,17,7,3,3,7,0,37,0,0,0,0,0,1
2021-12-30,36,3,9,0,10,0,26,0,0,0,526.0,0.0,15.0,173.786604938271,29,7,17,6,2,3,7,1,36,0,0,0,0,0,1
2021-12-31,32,0,11,1,10,0,22,0,0,0,497.9,0.0,0.0,103.46400462962934,23,9,18,6,3,1,3,1,32,0,0,0,0,0,1
2022-01-01,31,1,4,0,10,4,17,0,0,0,120.4,0.0,0.0,93.59305555555524,24,7,13,5,4,3,5,1,31,0,0,0,0,1,1
2022-01-02,26,1,3,0,7,6,13,0,0,0,264.1,2.98,0.0,121.50453703703634,23,3,9,7,3,3,3,1,26,0,0,0,0,0,1
2022-01-03,11,1,14,2,0,3,8,0,0,0,667.7,0.0,12.0,145.61421874999974,10,1,4,3,1,2,0,1,11,0,0,0,0,0,0
2022-01-04,12,3,6,1,2,1,8,0,1,0,248.0,0.0,6.0,53.992936507936285,10,2,7,1,2,0,1,1,12,0,0,0,0,0,0
2022-01-05,14,4,13,2,6,0,7,0,1,0,535.3,0.0,18.0,142.98816666666647,11,3,7,0,2,1,3,1,14,0,0,0,0,0,0
2022-01-06,17,3,9,3,7,0,8,0,2,0,515.2,0.0,18.0,123.43268518518484,12,5,9,1,3,0,2,2,17,0,0,0,0,0,0
2022-01-07,21,5,25,5,11,0,9,0,1,0,796.8,0.0,6.0,100.77204629629595,14,7,9,5,3,1,1,2,21,0,0,0,0,0,0
2022-01-08,33,6,14,1,8,17,7,0,1,0,765.6,0.0,18.0,85.59201851851826,30,3,6,16,6,1,0,4,32,1,0,0,0,0,0
2022-01-09,39,7,5,0,3,26,9,0,1,0,367.6,0.0,6.0,267.4266666666672,35,4,9,16,6,3,1,4,39,0,0,0,0,0,0
2022-01-10,24,2,11,2,2,13,9,0,0,0,807.2,0.0,9.0,101.32121794871765,20,4,7,6,4,4,2,1,24,0,0,0,0,0,0
2022-01-11,26,4,6,1,8,6,12,0,0,0,286.8,0.0,6.0,89.22480158730114,20,6,7,5,6,6,2,0,26,0,0,0,0,0,0
2022-01-12,21,2,5,1,9,0,12,0,0,0,268.8,0.0,12.0,64.32708333333284,16,5,4,3,8,5,1,0,21,0,0,0,0,0,0
2022-01-13,22,3,9,1,8,0,14,0,0,0,363.8,0.0,18.0,120.272583333333,16,6,6,3,7,5,1,0,21,1,0,0,0,0,0
2022-01-14,17,2,23,4,5,0,11,0,1,0,895.2,17.2,24.0,180.75041152263336,11,6,6,2,6,2,0,1,17,0,0,0,0,0,0
2022-01-15,33,5,9,2,10,14,8,0,1,0,389.2,0.0,0.0,286.1356565656569,25,8,7,7,8,6,1,4,33,0,0,0,0,0,0
2022-01-16,33,6,10,0,7,22,4,0,0,0,500.3,0.0,12.0,148.8725833333329,27,6,6,8,5,7,4,3,33,0,0,0,0,0,0
2022-01-17,20,4,15,3,6,12,2,0,0,0,804.9,6.0,18.0,206.8516049382715,16,4,2,3,3,7,4,1,20,0,0,0,0,0,0
2022-01-18,21,3,6,0,10,3,5,0,3,0,306.90000000000003,0.0,15.0,164.803935185185,16,5,6,3,1,5,6,0,20,1,0,0,0,0,0
2022-01-19,14,2,6,3,6,0,7,0,1,0,187.2,0.0,0.0,71.56527777777745,11,3,5,1,2,4,2,0,14,0,0,0,0,0,0
2022-01-20,12,5,12,0,4,0,7,0,1,0,702.6,6.0,24.0,65.25354166666625,10,2,6,1,1,3,1,0,12,0,0,0,0,0,0
2022-01-21,16,2,32,1,6,0,8,1,1,0,1089.5,5.6,6.0,134.10435185185156,13,3,5,1,5,4,1,0,16,0,0,0,0,0,0
2022-01-22,39,2,11,4,11,22,5,1,0,0,427.6,0.0,12.0,204.92359259259248,37,2,6,13,8,7,0,5,39,0,0,0,0,0,0
2022-01-23,45,6,7,1,8,31,5,1,0,0,472.4,0.0,6.0,126.5079513888886,42,3,8,14,11,7,0,5,45,0,0,0,0,0,0
2022-01-24,22,3,7,0,2,12,5,1,2,0,289.7,0.0,12.0,104.78642857142844,19,3,2,5,8,2,0,5,22,0,0,0,0,0,0
2022-01-25,16,2,11,3,6,1,6,1,2,0,553.8,0.0,18.0,259.4813095238091,11,5,2,2,6,3,1,2,16,0,0,0,0,0,0
2022-01-26,21,3,11,2,12,0,5,1,3,0,551.6,0.0,24.0,151.31895299145276,16,5,6,4,4,2,2,3,21,0,0,0,0,0,0
2022-01-27,23,3,11,1,14,0,7,1,1,0,504.0,0.0,9.0,203.24087962962912,16,7,5,8,5,3,1,1,23,0,0,0,0,0,0
2022-01-28,17,3,27,4,12,0,4,1,0,0,940.4,17.2,36.0,154.31677419354793,12,5,2,4,7,4,0,0,17,0,0,0,0,0,0
2022-01-29,38,6,18,0,13,21,3,1,0,0,631.8,3.0,6.0,142.65496913580216,29,9,2,11,8,8,2,7,38,0,0,0,0,0,0
2022-01-30,48,3,10,0,6,36,5,1,0,0,587.0,0.0,6.0,350.1714999999993,40,8,13,10,7,7,3,8,48,0,0,0,0,0,0
2022-01-31,24,2,16,1,4,14,4,1,1,0,878.4,0.0,24.0,100.86482026143764,20,4,7,3,6,3,2,3,24,0,0,0,0,0,0
2022-02-01,25,1,9,2,12,3,8,1,1,0,332.4,0.0,12.0,184.98025252525227,20,5,4,3,8,5,3,2,25,0,0,0,0,0,0
2022-02-02,22,3,14,1,13,0,8,1,0,0,524.4,6.0,12.0,137.08544444444428,15,7,4,4,5,5,3,1,22,0,0,0,0,0,0
2022-02-03,19,3,14,3,9,1,8,1,0,0,616.9,0.0,24.0,128.33964052287553,14,5,4,2,5,5,2,1,19,0,0,0,0,0,0
2022-02-04,20,4,41,3,10,4,5,1,0,0,1208.8,12.0,24.0,98.95233585858551,16,4,5,2,7,5,1,0,20,0,0,0,0,0,0
2022-02-05,46,5,24,2,0,38,4,1,3,0,1077.5,5.6,24.0,130.77386752136726,41,5,4,18,6,8,0,10,43,2,1,0,0,0,1
2022-02-06,61,6,17,2,1,53,5,2,0,0,1060.1,0.0,12.0,128.6558333333331,55,6,13,20,11,9,1,7,60,1,0,0,0,0,1
2022-02-07,40,4,22,0,5,23,10,2,0,0,1550.2,0.0,18.0,91.55446969696952,37,3,7,11,11,5,5,1,39,1,0,0,0,0,1
2022-02-08,44,2,22,0,20,6,15,3,0,0,1337.4,0.0,18.0,73.47016414141378,38,6,12,8,7,6,11,0,44,0,0,0,0,0,1
2022-02-09,51,1,20,1,28,0,19,4,0,0,932.1,0.0,12.0,71.3281481481478,44,7,13,11,9,7,10,1,51,0,0,0,0,0,1
2022-02-10,51,2,17,0,26,0,21,4,0,0,1000.9,0.0,6.0,187.00248366013045,46,5,18,7,8,7,10,1,51,0,0,0,0,0,1
2022-02-11,40,1,30,2,11,7,18,4,0,0,1069.6,5.6,12.0,95.3074305555552,36,4,12,4,7,4,11,2,40,0,0,0,0,0,1
2022-02-12,58,1,24,2,6,34,14,4,0,0,1071.3,0.0,12.0,140.60293803418793,53,5,12,10,8,10,10,8,58,0,0,0,0,0,1
2022-02-13,69,3,13,0,1,48,16,4,0,0,754.0,0.0,6.0,206.9092948717945,63,6,15,12,13,11,10,8,69,0,0,0,0,0,1
2022-02-14,44,2,28,0,1,23,16,4,0,0,1584.6,0.0,6.0,113.6555654761901,41,3,9,6,12,4,10,3,43,1,0,0,0,0,1
2022-02-15,47,1,18,0,15,5,23,4,0,0,799.4,0.0,27.0,184.01172839506137,43,4,10,8,10,4,14,1,47,0,0,0,0,0,1
2022-02-16,48,0,15,0,21,0,23,4,0,0,887.3000000000001,0.0,6.0,115.51659259259227,40,8,13,8,12,4,10,1,48,0,0,0,0,0,1
2022-02-17,48,0,10,2,17,2,25,4,0,0,409.6,0.0,6.0,59.24745370370325,41,7,13,7,11,4,11,2,48,0,0,0,0,0,1
2022-02-18,37,0,20,0,9,7,18,3,0,0,790.5,5.6,24.0,161.5496388888887,34,3,6,7,9,6,8,1,36,1,0,0,0,0,1
2022-02-19,43,0,12,1,2,23,15,3,0,0,367.7,0.0,18.0,82.52850427350391,36,7,3,9,10,9,8,4,43,0,0,0,0,0,1
2022-02-20,40,0,17,0,0,29,9,2,0,0,257.2,24.64,18.0,50.54740196078394,34,6,6,6,6,9,9,4,40,0,0,0,0,0,1
2022-02-21,23,0,16,1,2,8,6,1,6,0,882.4,0.0,12.0,194.82321895424812,20,3,1,4,6,4,2,6,16,5,2,0,0,0,1
2022-02-22,18,1,13,1,8,0,10,0,0,0,591.3,0.0,30.0,60.69117063492028,15,3,5,2,3,5,3,0,18,0,0,0,0,0,1
2022-02-23,23,1,14,0,14,0,9,0,0,0,640.8,6.0,18.0,105.20376984126958,17,6,6,2,4,7,3,1,22,1,0,0,0,0,1
2022-02-24,28,0,19,1,18,0,10,0,0,0,755.7,0.0,12.0,93.96754166666624,21,7,7,6,2,7,6,0,28,0,0,0,0,0,1
2022-02-25,24,1,35,3,11,5,8,0,0,0,1142.4,5.6,0.0,104.6003508771926,19,5,7,3,3,6,3,2,22,2,0,0,0,0,1
2022-02-26,45,4,12,0,0,40,5,0,0,0,409.2,0.0,0.0,88.23344907407358,42,3,6,14,6,10,2,7,45,0,0,0,0,0,1
2022-02-27,54,4,5,0,0,49,5,0,0,0,282.4,0.0,0.0,87.01633333333321,52,2,12,14,5,10,5,8,54,0,0,0,0,0,1
2022-02-28,21,1,9,0,3,14,4,0,0,0,565.6,12.0,18.0,145.67783950617246,21,0,6,5,2,3,1,4,20,1,0,0,0,0,1
2022-03-01,16,0,11,0,9,1,6,0,0,0,524.4,6.0,30.0,117.66489898989882,13,3,6,1,3,2,2,2,16,0,0,0,0,0,1
2022-03-02,19,0,17,1,13,0,6,0,0,0,774.0,0.0,18.0,84.95742283950582,14,5,8,2,2,3,3,1,19,0,0,0,0,0,1
2022-03-03,22,1,12,1,14,1,7,0,0,0,444.1,0.0,18.0,99.3910897435894,16,6,3,3,4,6,5,1,22,0,0,0,0,0,1
2022-03-04,22,1,37,2,10,5,7,0,0,0,1134.7,0.0,24.0,78.77078347578315,16,6,3,5,5,4,4,1,22,0,0,0,0,0,1
2022-03-05,42,3,12,1,1,37,4,0,0,0,422.8,0.0,0.0,65.45435897435861,37,5,4,14,6,9,4,5,41,1,0,0,0,0,1
2022-03-06,52,4,21,0,1,47,4,0,0,0,618.6,27.0,0.0,84.16476190476166,48,4,11,15,10,9,3,4,51,1,0,0,0,0,1
2022-03-07,38,0,24,2,3,19,6,0,10,0,1452.8,0.0,30.0,498.8546047008547,36,2,7,5,4,7,4,11,28,4,6,0,0,0,0
2022-03-08,31,1,11,3,20,2,9,0,0,0,570.8000000000001,0.0,12.0,129.29656746031714,26,5,7,3,4,8,7,2,31,0,0,0,0,0,0
2022-03-09,31,3,22,1,21,0,10,0,0,0,1027.8,0.0,6.0,207.26031400966127,24,7,8,3,2,7,9,2,30,1,0,0,0,0,0
2022-03-10,35,3,29,1,23,3,9,0,0,0,1166.7,6.0,12.0,100.0463148148145,31,4,10,2,4,6,10,3,35,0,0,0,0,0,0
2022-03-11,41,1,57,4,15,15,7,0,4,0,1895.7,11.2,36.0,160.50588797814166,37,4,10,4,8,4,7,8,35,3,3,0,0,0,0
2022-03-12,77,4,26,0,3,69,5,0,0,0,821.3,5.6,18.0,163.5374038461535,70,7,13,19,13,11,6,15,77,0,0,0,0,0,0
2022-03-13,94,4,5,0,3,87,4,0,0,0,431.6,0.0,0.0,672.4693333333328,85,9,21,16,20,14,10,13,92,2,0,0,0,0,0
2022-03-14,25,0,21,1,1,19,5,0,0,0,1139.2,0.0,18.0,251.06419191919144,22,3,6,3,8,3,3,2,25,0,0,0,0,0,0
2022-03-15,30,0,17,1,18,4,8,0,0,0,733.6,0.0,36.0,304.7701080246911,26,4,10,5,3,2,10,0,29,1,0,0,0,0,0
2022-03-16,32,1,17,4,24,0,8,0,0,0,649.0,0.0,12.0,257.58392857142843,27,5,10,5,3,4,10,0,32,0,0,0,0,0,0
2022-03-17,23,4,29,2,17,0,6,0,0,0,1347.2,0.0,6.0,130.69995519713223,20,3,6,2,4,6,5,0,22,1,0,0,0,0,0
2022-03-18,37,5,49,5,22,11,4,0,0,0,1593.7,0.0,24.0,189.4688374485595,34,3,9,5,9,6,8,0,37,0,0,0,0,0,0
2022-03-19,63,7,26,0,5,57,1,0,0,0,825.6,4.4,18.0,131.97539529914508,58,5,9,16,12,5,14,7,63,0,0,0,0,0,0
2022-03-20,77,6,21,1,2,74,1,0,0,0,749.7,26.98,12.0,119.1668686868684,70,7,22,15,15,5,13,7,75,2,0,0,0,0,0
2022-03-21,37,1,33,2,4,22,5,0,6,0,2017.9,0.0,18.0,172.45299206349182,35,2,10,5,8,1,4,9,30,6,1,0,0,0,0
2022-03-22,42,2,22,2,25,4,13,0,0,0,1118.4,0.0,30.0,118.77054398148115,38,4,9,5,10,3,13,2,42,0,0,0,0,0,0
2022-03-23,46,1,26,1,32,0,14,0,0,0,1222.4,6.0,6.0,148.10113168724254,40,6,12,5,10,4,14,1,46,0,0,0,0,0,0
2022-03-24,50,1,20,0,31,2,17,0,0,0,871.2,0.0,12.0,58.4539027777775,46,4,13,7,10,8,10,2,49,1,0,0,0,0,0
2022-03-25,40,0,109,6,16,12,12,0,0,0,2489.6,58.9,30.0,98.34189613526536,36,4,9,9,10,3,7,2,37,3,0,0,0,0,0
2022-03-26,114,6,20,1,10,72,5,0,27,0,681.8,5.6,0.0,93.80804232804203,109,5,9,36,11,13,13,32,80,26,8,0,0,0,0
2022-03-27,91,3,10,0,1,85,5,0,0,0,570.8,0.0,6.0,203.6083055555553,87,4,16,29,12,14,15,5,90,1,0,0,0,0,0
2022-03-28,34,1,27,5,5,24,5,0,0,0,1340.4,0.0,42.0,149.46289930555525,33,1,9,6,7,6,3,3,33,1,0,0,0,0,0
2022-03-29,34,4,22,0,24,2,8,0,0,0,998.9,0.0,6.0,108.83184343434286,26,8,8,5,5,8,6,2,34,0,0,0,0,0,0
2022-03-30,36,4,29,1,27,0,9,0,0,0,1404.9,0.0,24.0,112.277083333333,32,4,10,6,3,6,8,3,35,1,0,0,0,0,0
2022-03-31,42,3,26,1,30,2,10,0,0,0,1299.3,0.0,18.0,98.93783950617262,37,5,8,8,2,10,10,4,42,0,0,0,0,0,0
2022-04-01,41,1,61,1,12,20,9,0,0,0,1934.0,0.0,6.0,146.21828853046566,36,5,9,8,3,6,11,4,41,0,0,0,0,0,0
2022-04-02,85,2,22,0,3,77,5,0,0,0,697.1,0.0,6.0,120.59578282828252,80,5,10,28,11,10,12,14,85,0,0,0,0,0,0
2022-04-03,93,1,14,1,0,91,2,0,0,0,787.2,0.0,0.0,245.6942407407404,89,4,17,27,14,11,10,14,93,0,0,0,0,0,0
2022-04-04,44,2,37,3,5,35,4,0,0,0,1818.5,0.0,36.0,201.11104166666644,43,1,4,9,8,9,7,7,44,0,0,0,0,0,0
2022-04-05,43,2,18,1,32,3,8,0,0,0,817.6,0.0,30.0,171.14070175438562,38,5,13,4,12,4,4,6,42,1,0,0,0,0,0
2022-04-06,42,2,23,1,33,0,9,0,0,0,813.9,0.0,18.0,112.90162037036995,36,6,11,5,11,6,4,5,42,0,0,0,0,0,0
2022-04-07,31,2,23,1,23,0,8,0,0,0,883.9,0.0,12.0,105.91135416666629,24,7,6,9,6,4,4,2,31,0,0,0,0,0,0
2022-04-08,29,3,45,7,13,8,7,0,1,0,1505.9,17.2,6.0,181.05943910256408,26,3,6,4,5,6,6,2,27,1,1,0,0,0,0
2022-04-09,49,8,28,1,1,45,3,0,0,0,1442.1,0.0,36.0,222.601436781609,48,1,3,21,7,10,3,5,48,1,0,0,0,0,1
2022-04-10,74,9,27,1,0,66,8,0,0,0,1004.6,24.0,0.0,113.03539682539652,67,7,15,22,8,13,11,5,74,0,0,0,0,0,1
2022-04-11,60,7,30,1,5,33,13,0,9,0,1769.4,0.0,24.0,267.61714157706064,56,4,11,10,8,9,10,12,51,5,4,0,0,0,1
2022-04-12,49,3,21,2,23,4,21,0,1,0,1207.0,0.0,12.0,127.43432367149737,44,5,15,3,11,6,11,3,48,1,0,0,0,0,1
2022-04-13,54,4,16,0,27,0,26,0,1,0,814.8000000000001,0.0,0.0,56.35046874999962,48,6,24,1,10,4,11,4,53,1,0,0,0,0,1
2022-04-14,44,4,20,0,13,1,30,0,0,0,975.9,0.0,6.0,95.80815277777737,41,3,21,4,9,4,4,2,44,0,0,0,0,0,1
2022-04-15,44,0,70,3,6,13,25,0,0,0,2971.7000000000003,16.799999999999997,6.0,258.3182420091323,40,4,17,5,9,4,4,5,44,0,0,0,0,0,1
2022-04-16,101,3,70,2,2,71,28,0,0,0,3527.2000000000003,0.0,18.0,190.63460648148123,97,4,30,28,11,14,8,10,100,1,0,0,0,0,1
2022-04-17,156,5,16,2,0,117,39,0,0,0,1286.9,0.0,6.0,223.2399999999996,150,6,50,35,27,22,12,10,156,0,0,0,0,0,1
2022-04-18,135,7,14,1,3,87,44,1,0,0,889.8000000000001,0.0,12.0,265.13422222222204,130,5,45,28,24,16,14,8,135,0,0,0,0,1,1
2022-04-19,70,4,23,1,10,15,44,1,0,0,1290.5,0.0,18.0,117.32153935185158,66,4,29,10,11,7,10,3,70,0,0,0,0,0,1
2022-04-20,68,5,35,3,20,0,47,1,0,0,1211.3,0.0,12.0,61.32690789473652,63,5,28,4,11,8,14,3,68,0,0,0,0,0,1
2022-04-21,72,6,17,0,22,1,45,1,3,0,632.2,6.0,12.0,39.02893790849629,69,3,30,9,11,8,8,6,67,5,0,0,0,0,1
2022-04-22,58,4,43,2,16,4,37,1,0,0,1400.8,0.0,24.0,216.444172839506,55,3,25,8,7,8,6,4,58,0,0,0,0,0,1
2022-04-23,75,5,59,1,4,45,25,1,0,0,1485.7,9.0,12.0,117.60652777777749,70,5,20,13,10,12,9,11,75,0,0,0,0,0,1
2022-04-24,95,5,12,1,5,71,8,1,10,0,637.3,3.62,6.0,175.0492307692305,89,6,24,16,14,9,12,20,80,13,2,0,0,0,1
2022-04-25,34,2,21,3,4,22,7,1,0,0,1018.5,0.0,18.0,179.88377314814775,31,3,11,4,6,3,3,7,34,0,0,0,0,0,1
2022-04-26,27,3,15,0,10,2,14,1,0,0,782.8,0.0,18.0,75.99911111111086,24,3,8,6,4,2,5,2,27,0,0,0,0,0,1
2022-04-27,32,1,15,1,14,0,17,1,0,0,699.6,0.0,24.0,85.98689236111082,27,5,13,6,6,2,4,1,32,0,0,0,0,0,1
2022-04-28,37,2,17,0,17,1,18,1,0,0,827.5,0.0,0.0,55.34593137254865,28,9,14,5,8,2,7,1,35,2,0,0,0,0,1
2022-04-29,35,1,47,0,7,7,20,1,0,0,1758.4,0.0,12.0,141.26390070921963,30,5,13,5,6,0,8,3,35,0,0,0,0,0,1
2022-04-30,67,0,22,1,3,48,15,1,0,0,597.7,0.0,12.0,202.3306642512076,62,5,16,18,15,5,6,7,67,0,0,0,0,0,1
2022-05-01,76,1,18,10,1,63,11,1,0,0,328.2,18.0,18.0,119.85079365079332,71,5,26,16,14,5,8,7,75,1,0,0,0,1,1
2022-05-02,42,3,12,1,4,18,9,1,10,0,652.4,0.0,42.0,209.209722222222,37,5,8,8,7,1,2,16,29,11,2,0,0,0,1
2022-05-03,19,1,12,0,7,2,10,0,0,0,606.6,0.0,6.0,129.0668518518515,13,6,7,1,5,2,0,4,19,0,0,0,0,0,1
2022-05-04,20,0,29,0,10,0,10,0,0,0,1016.7,0.0,18.0,96.98807471264328,14,6,7,2,1,3,3,4,20,0,0,0,0,0,1
2022-05-05,37,0,22,0,29,0,8,0,0,0,610.1,0.0,18.0,129.26710858585832,31,6,7,14,4,4,6,2,35,2,0,0,0,0,1
2022-05-06,26,0,50,3,11,4,6,0,5,0,1675.8,5.6,30.0,178.6395020964357,22,4,5,5,2,3,4,7,20,3,3,0,0,0,1
2022-05-07,58,3,18,0,1,53,4,0,0,0,577.2,0.0,6.0,143.26574074074028,51,7,8,15,6,16,9,4,58,0,0,0,0,0,1
2022-05-08,73,3,11,0,1,68,4,0,0,0,691.4,0.0,6.0,108.27982323232293,65,8,20,15,8,16,10,4,72,1,0,0,0,1,1
2022-05-09,26,1,26,1,6,14,5,1,0,0,1575.6,0.0,24.0,143.02086419753056,22,4,9,3,3,7,1,3,25,1,0,0,0,0,1
2022-05-10,34,1,26,2,20,2,11,1,0,0,1348.8,6.0,30.0,109.1757837301584,30,4,12,2,4,8,7,1,34,0,0,0,0,0,1
2022-05-11,45,3,28,1,28,0,15,1,1,0,1313.7,0.0,12.0,69.6148371647506,39,6,15,2,5,8,10,5,44,0,1,0,0,0,1
2022-05-12,52,3,28,2,31,4,16,1,0,0,1298.8,0.0,12.0,88.15739814814793,47,5,15,5,3,15,10,4,52,0,0,0,0,0,1
2022-05-13,48,3,66,2,14,17,16,1,0,0,2242.0,26.76,30.0,123.07451797385588,44,4,9,10,4,9,10,6,48,0,0,0,0,0,1
2022-05-14,96,4,27,0,3,81,11,1,0,0,974.9,12.56,12.0,83.6684979423866,91,5,17,27,6,24,10,12,95,1,0,0,0,0,1
2022-05-15,111,3,13,0,2,99,9,1,0,0,710.8,0.0,0.0,79.48803418803377,104,7,26,29,9,23,10,14,109,2,0,0,0,0,1
2022-05-16,51,0,35,4,5,38,7,1,0,0,1887.7,8.4,24.0,334.76118233618223,47,4,13,8,8,9,10,3,51,0,0,0,0,0,1
2022-05-17,49,4,31,3,32,8,8,1,0,0,1489.6,9.04,18.0,124.359836601307,44,5,17,7,8,8,8,1,49,0,0,0,0,0,1
2022-05-18,53,6,34,0,41,0,10,2,0,0,1423.3,0.0,24.0,125.47928921568592,47,6,21,8,9,8,7,0,53,0,0,0,0,0,1
2022-05-19,51,2,27,2,39,0,10,2,0,0,1199.6,0.0,3.0,297.4176149425283,43,8,14,5,9,13,10,0,50,1,0,0,0,0,1
2022-05-20,39,3,68,1,20,10,7,1,1,0,2304.1,25.2,30.0,157.09226247987093,37,2,7,8,5,9,9,1,39,0,0,0,0,0,1
2022-05-21,83,2,42,0,3,73,5,1,1,0,1238.5,27.0,6.0,203.014874338624,77,6,11,28,7,16,14,7,83,0,0,0,0,0,1
2022-05-22,113,1,9,1,2,96,6,1,8,0,475.7,0.0,12.0,306.3353333333331,106,7,22,31,11,18,17,14,104,9,0,0,0,0,1
2022-05-23,40,1,14,1,4,26,9,1,0,0,745.2,0.0,18.0,170.28975925925894,37,3,8,8,5,10,7,2,39,1,0,0,0,0,1
2022-05-24,25,1,14,3,11,2,11,1,0,0,778.8,6.0,24.0,183.5249346405226,21,4,5,7,5,3,4,1,25,0,0,0,0,0,1
2022-05-25,27,4,34,2,10,0,16,1,0,0,2668.6,0.0,12.0,264.09766975308605,23,4,5,7,6,3,4,2,26,1,0,0,0,0,1
2022-05-26,49,5,38,2,8,14,25,2,0,0,2370.2,0.0,18.0,183.2991666666664,45,4,11,17,8,7,2,4,49,0,0,0,0,1,1
2022-05-27,82,5,48,5,11,47,21,3,0,0,1065.4,27.0,6.0,146.5667872117397,76,6,23,22,14,9,10,4,82,0,0,0,0,1,1
2022-05-28,112,9,64,6,9,68,20,3,12,0,1329.6,0.0,6.0,115.90329365079336,105,7,25,27,18,14,12,16,97,10,5,0,0,0,1
2022-05-29,97,9,6,1,4,72,17,4,0,0,465.0,0.0,6.0,285.63988095238045,92,5,26,23,17,14,13,4,93,4,0,0,0,0,1
2022-05-30,32,5,24,3,3,17,7,5,0,0,1314.8,0.0,6.0,131.73941358024666,31,1,6,10,6,4,4,2,32,0,0,0,0,0,1
2022-05-31,32,5,28,7,15,2,10,5,0,0,1311.0,9.36,24.0,116.7679999999998,31,1,6,8,5,5,7,1,32,0,0,0,0,0,1
2022-06-01,41,11,22,1,28,0,8,5,0,0,1055.8,13.72,18.0,86.32237922705274,39,2,10,11,5,7,7,1,41,0,0,0,0,0,1
2022-06-02,44,5,16,2,24,3,12,5,0,0,749.2,0.0,0.0,78.3940586419751,40,4,9,14,5,9,6,1,44,0,0,0,0,0,1
2022-06-03,34,3,61,5,10,12,7,5,0,0,2328.4,2.8,24.0,190.89642255892224,32,2,5,12,5,9,3,0,33,1,0,0,0,0,1
2022-06-04,82,7,65,2,0,72,5,5,0,0,2617.2,6.76,12.0,177.54491293532308,78,4,9,30,10,19,7,7,82,0,0,0,0,0,1
2022-06-05,143,9,7,2,7,119,11,5,1,0,400.8,0.0,6.0,149.52361111111088,137,6,33,36,18,27,21,8,135,8,0,0,0,0,1
2022-06-06,111,5,14,0,0,96,11,4,0,0,873.2,0.0,18.0,295.3623809523806,106,5,32,28,15,11,18,7,111,0,0,0,0,1,1
2022-06-07,41,1,42,3,8,16,15,2,0,0,2114.4,0.0,30.0,165.83393827160464,37,4,11,9,7,4,8,2,41,0,0,0,0,0,1
2022-06-08,56,4,18,2,37,1,16,2,0,0,831.9,6.0,12.0,147.64015277777756,50,6,17,8,8,10,11,2,55,1,0,0,0,0,1
2022-06-09,50,2,37,2,32,1,16,1,0,0,1620.8,0.0,24.0,182.12324074074047,46,4,12,9,9,8,10,2,50,0,0,0,0,0,1
2022-06-10,54,4,60,2,25,15,13,1,0,0,2026.0,0.0,12.0,112.53320340501756,48,6,15,12,9,6,12,0,54,0,0,0,0,0,1
2022-06-11,82,4,150,16,1,71,9,1,0,0,2611.8,12.0,24.0,192.1585157295847,77,5,21,27,10,9,8,7,82,0,0,0,0,0,1
2022-06-12,199,12,7,0,72,96,3,1,27,0,582.2,0.0,12.0,122.42293650793614,193,6,36,84,13,24,6,36,100,96,3,0,0,0,1
2022-06-13,40,0,40,3,2,31,5,2,0,0,1902.0,0.0,18.0,126.05476744186018,37,3,17,11,5,2,2,3,40,0,0,0,0,0,1
2022-06-14,43,3,29,1,28,3,10,2,0,0,1276.5,6.0,30.0,219.80891666666645,40,3,14,7,3,12,7,0,43,0,0,0,0,0,1
2022-06-15,45,3,36,0,31,1,11,2,0,0,1696.1,0.0,24.0,211.3343055555553,40,5,11,7,6,12,8,1,43,2,0,0,0,0,1
2022-06-16,60,1,26,2,45,1,12,2,0,0,1172.0,6.0,24.0,351.5144246031744,54,6,24,7,6,12,9,2,59,1,0,0,0,0,1
2022-06-17,52,2,67,2,29,11,10,2,0,0,2101.2,11.97,6.0,122.2175885668273,45,7,20,7,4,8,10,3,52,0,0,0,0,0,1
2022-06-18,81,4,63,5,3,69,7,2,0,0,1121.7,16.990000000000002,12.0,285.8893464052286,80,1,22,19,5,13,9,13,81,0,0,0,0,0,1
2022-06-19,125,9,23,2,27,76,5,2,15,0,645.8,0.0,18.0,81.56417777777752,123,2,30,38,5,15,9,28,83,35,7,0,0,0,1
2022-06-20,38,5,33,0,9,22,5,2,0,0,1681.6,8.4,36.0,130.35361952861925,37,1,14,10,2,7,4,1,33,5,0,0,0,0,1
2022-06-21,40,1,23,5,30,2,6,2,0,0,1053.2,12.0,24.0,149.83309523809493,36,4,18,7,6,3,6,0,40,0,0,0,0,0,1
2022-06-22,40,4,28,2,29,0,9,2,0,0,1274.7,6.0,12.0,117.31128703703676,36,4,17,8,5,3,7,0,40,0,0,0,0,0,1
2022-06-23,43,4,24,1,28,1,12,2,0,0,952.8,0.0,6.0,119.90518888888876,38,5,16,7,5,8,6,1,42,1,0,0,0,0,1
2022-06-24,44,4,61,6,23,8,11,2,0,0,2352.6,14.4,24.0,217.6027031509119,41,3,13,8,4,10,6,3,43,1,0,0,0,0,1
2022-06-25,75,7,25,0,2,61,10,2,0,0,970.3,0.0,18.0,182.38381111111084,71,4,21,16,7,15,9,7,74,1,0,0,0,0,1
2022-06-26,90,7,8,1,0,76,12,2,0,0,375.2,0.0,6.0,142.02253086419722,84,6,30,15,7,17,14,7,90,0,0,0,0,0,1
2022-06-27,42,5,34,5,3,28,10,1,0,0,1473.7,0.0,24.0,155.14279202279172,38,4,17,6,3,5,8,3,42,0,0,0,0,0,1
2022-06-28,46,7,21,4,27,6,12,1,0,0,1016.9,6.0,12.0,136.75647777777743,40,6,11,6,6,8,13,2,46,0,0,0,0,0,1
2022-06-29,36,5,15,0,20,0,15,1,0,0,602.0,0.0,0.0,131.7319999999998,32,4,7,8,2,7,7,5,36,0,0,0,0,0,1
2022-06-30,33,3,46,1,20,0,12,1,0,0,1803.6,0.0,30.0,105.84575650118168,31,2,5,5,3,7,8,5,33,0,0,0,0,0,1
2022-07-01,53,3,59,5,28,14,10,1,0,0,2042.3,0.0,18.0,280.2026432291664,50,3,17,12,4,8,8,4,52,1,0,0,0,0,1
2022-07-02,78,5,27,2,3,70,5,0,0,0,956.8,0.0,0.0,205.09047892720267,74,4,11,23,8,10,14,12,77,1,0,0,0,0,1
2022-07-03,96,7,13,1,1,91,4,0,0,0,673.4,20.16,12.0,104.39156746031712,93,3,20,22,16,11,16,11,95,1,0,0,0,0,1
2022-07-04,52,4,32,1,4,40,8,0,0,0,1924.0,281.28,24.0,115.39952020201996,49,3,10,9,8,8,10,7,52,0,0,0,0,0,1
2022-07-05,39,3,29,6,16,5,18,0,0,0,1357.4,138.72,12.0,165.05665873015857,33,6,16,7,4,6,5,1,39,0,0,0,0,0,1
2022-07-06,50,7,28,0,30,1,19,0,0,0,1270.8,184.86,0.0,59.4753869047614,45,5,20,10,4,8,7,1,50,0,0,0,0,0,1
2022-07-07,54,2,25,1,32,1,20,1,0,0,1171.9,32.04,12.0,57.89325854700804,50,4,19,13,3,8,8,3,52,2,0,0,0,0,1
2022-07-08,47,2,57,2,20,8,17,2,0,0,1960.5,95.8,36.0,91.50372881355892,43,4,17,9,8,5,4,4,46,1,0,0,0,0,1
2022-07-09,75,3,19,2,5,54,14,2,0,0,785.0,9.18,12.0,129.45982804232776,69,6,21,18,13,13,2,8,74,1,0,0,0,0,1
2022-07-10,82,5,11,1,0,65,15,2,0,0,530.1,27.0,12.0,272.1689120370368,75,7,29,17,14,12,2,8,82,0,0,0,0,0,1
2022-07-11,38,4,24,0,4,18,14,2,0,0,1012.3,0.0,6.0,71.30327546296259,35,3,18,4,7,4,1,4,38,0,0,0,0,0,1
2022-07-12,34,3,16,0,15,2,14,3,0,0,968.1,0.0,6.0,233.41126736111087,32,2,15,1,7,7,3,1,34,0,0,0,0,0,1
2022-07-13,30,1,26,1,10,0,17,3,0,0,1675.4,10.08,30.0,151.6171604938269,28,2,15,3,6,4,1,1,30,0,0,0,0,0,1
2022-07-14,46,2,31,1,10,13,20,3,0,0,1865.0,0.0,24.0,175.7032899305554,41,5,13,8,8,7,4,6,45,1,0,0,0,1,1
2022-07-15,68,3,34,1,8,37,19,3,1,0,1092.5,0.0,6.0,100.4541428571426,60,8,24,9,11,11,5,8,67,0,1,0,0,0,1
2022-07-16,89,4,25,1,2,65,18,3,1,0,769.8000000000001,2.8,6.0,171.5359615384613,81,8,29,16,10,14,8,12,88,1,0,0,0,0,1
2022-07-17,99,5,9,0,0,80,16,3,0,0,531.2,0.0,6.0,62.94469135802444,93,6,36,15,16,15,8,9,99,0,0,0,0,0,1
2022-07-18,46,4,11,1,4,27,12,3,0,0,655.0,0.0,18.0,186.7039351851845,43,3,19,6,6,8,4,3,46,0,0,0,0,0,1
2022-07-19,24,1,19,4,6,1,14,3,0,0,952.0,0.0,24.0,221.21798309178692,20,4,8,4,2,4,3,3,24,0,0,0,0,0,1
2022-07-20,36,5,13,3,16,1,16,3,0,0,563.8000000000001,0.0,12.0,243.7295833333332,29,7,10,4,4,7,7,4,36,0,0,0,0,0,1
2022-07-21,31,7,16,1,14,1,13,3,0,0,650.9,0.0,6.0,109.10660130718918,25,6,6,4,2,8,7,4,30,1,0,0,0,0,1
2022-07-22,29,5,31,0,10,6,10,3,0,0,1150.4,5.6,18.0,165.12647849462337,23,6,10,3,1,7,7,1,29,0,0,0,0,0,1
2022-07-23,44,5,27,3,1,33,8,2,0,0,877.8,0.0,30.0,350.8068055555552,40,4,11,14,1,10,5,3,44,0,0,0,0,0,1
2022-07-24,61,6,16,2,2,51,6,2,0,0,649.6,8.4,12.0,250.7970833333328,54,7,23,14,2,9,9,4,59,2,0,0,0,0,1
2022-07-25,40,4,16,0,3,29,5,3,0,0,550.8,0.0,12.0,52.08197916666619,35,5,18,8,1,6,7,0,40,0,0,0,0,0,1
2022-07-26,26,3,18,2,11,5,7,3,0,0,558.0,0.0,24.0,82.00455555555524,23,3,12,3,2,5,3,1,24,2,0,0,0,0,1
2022-07-27,19,3,12,0,11,0,5,3,0,0,705.9,0.0,12.0,96.74222222222184,15,4,7,4,0,4,4,0,18,1,0,0,0,0,1
2022-07-28,21,2,19,2,11,2,4,4,0,0,753.1,0.0,12.0,194.1377910052906,17,4,6,3,1,5,5,1,21,0,0,0,0,0,1
2022-07-29,21,3,39,2,7,7,4,3,0,0,1459.3,5.6,18.0,289.1481978319781,18,3,8,1,3,3,3,3,19,2,0,0,0,0,1
2022-07-30,48,5,26,1,2,37,5,4,0,0,795.5,0.0,12.0,175.7253395061727,43,5,11,12,4,10,5,6,48,0,0,0,0,0,1
2022-07-31,60,5,43,3,0,51,4,5,0,0,794.7,0.0,24.0,76.73051932367115,55,5,21,12,3,8,11,5,60,0,0,0,0,0,1
2022-08-01,29,5,14,1,1,17,6,5,0,0,1071.2,0.0,12.0,148.58559259259246,25,4,10,5,0,3,6,5,29,0,0,0,0,0,1
2022-08-02,26,5,12,1,2,3,16,5,0,0,673.9,6.84,18.0,349.58491452991444,21,5,8,2,2,1,9,4,26,0,0,0,0,0,1
2022-08-03,32,5,11,0,8,1,19,4,0,0,492.4,0.0,6.0,251.7579292929288,27,5,9,3,2,3,12,3,30,2,0,0,0,0,1
2022-08-04,33,5,7,2,8,1,20,4,0,0,351.5,0.0,6.0,190.18712962962925,28,5,10,2,4,2,11,4,32,1,0,0,0,0,1
2022-08-05,29,5,24,3,5,4,16,4,0,0,775.2,17.48,12.0,386.0555967078184,23,6,7,2,4,4,9,3,29,0,0,0,0,0,1
2022-08-06,42,7,13,3,1,23,14,4,0,0,628.6,0.0,6.0,380.3064409722223,37,5,9,6,5,6,7,9,42,0,0,0,1,0,1
2022-08-07,47,9,45,3,0,33,10,4,0,0,513.8,45.78,24.0,102.56918402777744,42,5,8,8,7,7,8,9,47,0,0,0,0,0,1
2022-08-08,52,9,16,3,11,14,8,4,15,0,1022.6,7.44,30.0,178.01127192982446,45,7,3,10,6,8,6,19,26,20,6,0,0,0,1
2022-08-09,25,8,11,0,5,3,13,4,0,0,630.3,6.0,6.0,79.82808080808046,17,8,5,4,6,4,4,2,25,0,0,0,0,0,1
2022-08-10,28,7,8,0,11,0,13,4,0,0,322.5,0.0,18.0,725.2392361111109,21,7,7,4,7,4,4,2,28,0,0,0,0,0,1
2022-08-11,28,5,12,1,10,1,13,4,0,0,362.8,0.0,6.0,312.79025641025646,21,7,7,3,7,5,4,2,28,0,0,0,0,0,1
2022-08-12,26,5,32,6,8,2,12,3,1,0,1558.1,0.0,12.0,271.3585087719296,22,4,4,3,7,4,5,3,24,2,0,0,0,0,1
2022-08-13,45,11,20,1,0,29,12,4,0,0,877.8,0.0,18.0,224.13568783068763,39,6,9,9,10,8,6,3,45,0,0,0,0,0,1
2022-08-14,64,10,8,0,0,46,14,4,0,0,389.2,0.0,0.0,52.52138888888863,55,9,23,9,15,8,6,3,64,0,0,0,0,0,1
2022-08-15,52,8,2,2,0,34,14,4,0,0,259.0,52.5,0.0,415.476597222223,47,5,21,7,12,7,3,2,52,0,0,0,0,1,1
2022-08-16,24,7,13,0,0,6,14,4,0,0,794.4,0.0,18.0,126.99709401709391,22,2,13,3,4,1,2,1,24,0,0,0,0,0,1
2022-08-17,27,5,7,0,6,1,16,4,0,0,359.2,0.0,6.0,36.45468253968229,23,4,11,3,6,0,5,2,25,2,0,0,0,0,1
2022-08-18,26,5,16,0,7,0,15,4,0,0,824.7,0.0,6.0,255.3587673611108,21,5,9,2,7,2,4,2,25,1,0,0,0,0,1
2022-08-19,32,5,25,3,6,8,14,4,0,0,846.5,5.6,6.0,117.77698412698382,27,5,8,4,7,2,9,2,32,0,0,0,0,0,1
2022-08-20,47,7,53,3,1,30,11,4,1,0,1227.1,48.0,24.0,171.2263194444441,42,5,10,9,12,6,7,3,46,0,1,0,0,0,1
2022-08-21,78,6,10,0,7,40,8,4,19,0,354.0,25.2,18.0,1172.286055555557,72,6,10,14,10,8,16,20,52,20,6,0,0,0,1
2022-08-22,33,5,12,0,1,19,9,4,0,0,771.9,0.0,12.0,504.1423379629625,29,4,9,5,6,5,8,0,32,1,0,0,0,0,1
2022-08-23,27,2,16,1,3,5,15,4,0,0,855.0,0.0,18.0,74.66540849673177,22,5,4,3,4,5,10,1,27,0,0,0,0,0,1
2022-08-24,30,2,12,2,8,0,18,4,0,0,707.8000000000001,7.44,18.0,551.884325396825,25,5,8,4,3,4,10,1,30,0,0,0,0,0,1
2022-08-25,32,2,11,1,8,1,18,5,0,0,564.1,0.0,6.0,197.36951388888852,24,8,7,4,5,5,11,0,32,0,0,0,0,0,1
2022-08-26,34,3,33,1,5,7,17,5,0,0,1230.9,0.0,18.0,192.80290849673173,27,7,8,3,6,6,10,1,34,0,0,0,0,0,1
2022-08-27,55,4,20,0,1,38,12,4,0,0,836.1,0.0,12.0,94.881569444444,48,7,12,10,6,13,12,2,55,0,0,0,0,0,1
2022-08-28,68,4,15,0,1,53,10,4,0,0,799.2,0.0,12.0,268.78005555555563,63,5,22,11,7,13,13,2,67,1,0,0,0,0,1
2022-08-29,45,3,16,0,5,25,11,4,0,0,785.7,0.0,12.0,227.69932291666643,39,6,14,6,5,10,9,1,45,0,0,0,0,0,1
2022-08-30,30,0,15,1,13,4,11,2,0,0,559.6,0.0,18.0,169.13282986111108,27,3,11,2,4,5,7,1,30,0,0,0,0,0,1
2022-08-31,34,1,29,2,19,3,10,2,0,0,597.2,0.0,24.0,64.056980286738,28,6,11,5,4,4,9,1,33,1,0,0,0,0,1
2022-09-01,28,3,13,0,11,0,10,1,6,0,513.1,0.0,6.0,79.32993589743553,22,6,8,1,3,3,5,8,21,6,1,0,0,0,0
2022-09-02,18,2,52,2,6,3,8,1,0,0,1772.4,0.0,18.0,271.5091718106991,14,4,10,1,2,1,3,1,18,0,0,0,0,0,0
2022-09-03,62,3,28,1,3,51,7,1,0,0,858.5,2.8,18.0,160.43543103448258,56,6,14,17,8,13,7,3,61,1,0,0,0,0,0
2022-09-04,81,4,7,0,1,72,7,1,0,0,380.8,0.0,6.0,124.56464285714256,74,7,25,17,10,14,13,2,80,1,0,0,0,0,0
2022-09-05,22,1,33,2,2,13,6,1,0,0,1624.3,0.0,36.0,257.52565873015845,19,3,10,1,1,4,6,0,21,1,0,0,0,0,0
2022-09-06,34,2,18,3,19,2,13,0,0,0,786.4,0.0,6.0,128.91835978835965,28,6,13,4,2,9,6,0,33,1,0,0,0,0,0
2022-09-07,33,2,26,2,19,0,14,0,0,0,1284.5,0.0,12.0,230.622876984127,28,5,14,6,2,5,5,1,33,0,0,0,0,0,0
2022-09-08,41,3,28,2,26,0,14,1,0,0,1031.6,0.0,12.0,202.4386296296294,34,7,12,6,4,10,8,1,38,3,0,0,0,0,0
2022-09-09,39,3,62,3,18,10,10,1,0,0,2211.3,16.799999999999997,24.0,257.5106623931624,34,5,7,7,3,11,8,3,38,1,0,0,0,0,0
2022-09-10,75,4,47,3,1,67,6,1,0,0,949.0,56.6,30.0,81.28328888888856,69,6,13,24,9,14,7,8,74,1,0,0,0,0,0
2022-09-11,104,3,16,1,4,77,8,1,14,0,863.1,0.0,18.0,223.73952614379053,95,9,20,27,12,14,9,22,86,16,2,0,0,0,0
2022-09-12,42,0,33,1,7,24,10,1,0,0,1655.5,6.0,36.0,188.21088235294096,34,8,8,8,8,5,9,4,41,1,0,0,0,0,0
2022-09-13,44,1,53,5,25,3,15,1,0,0,1497.0,0.0,36.0,84.02948275862032,38,6,11,6,5,8,9,5,44,0,0,0,0,0,0
2022-09-14,71,4,23,4,37,0,17,1,16,0,1133.8,0.0,30.0,268.867541152263,62,9,12,13,5,12,10,19,47,18,6,0,0,0,0
2022-09-15,49,3,38,2,29,2,17,1,0,0,1569.3,0.0,12.0,127.53955555555528,43,6,11,8,9,14,5,2,49,0,0,0,0,0,0
2022-09-16,61,4,49,7,31,12,17,1,0,0,1707.5,17.2,12.0,112.28496031745996,55,6,19,10,9,14,6,3,59,2,0,0,0,0,0
2022-09-17,70,9,29,1,1,57,11,1,0,0,1060.5,0.0,18.0,88.8544999999997,67,3,14,22,5,7,14,8,70,0,0,0,0,0,0
2022-09-18,87,10,25,2,1,76,9,1,0,0,903.9,0.0,18.0,189.58047325102845,82,5,25,20,8,6,20,8,86,1,0,0,0,0,0
2022-09-19,52,5,47,3,2,38,11,1,0,0,2392.6,0.0,30.0,247.7270722222221,47,5,10,12,6,4,16,4,52,0,0,0,0,0,0
2022-09-20,58,4,35,1,36,7,14,1,0,0,1448.2,0.0,12.0,135.55706790123435,51,7,9,10,6,9,21,3,56,2,0,0,0,0,0
2022-09-21,58,3,36,3,42,0,16,0,0,0,1621.7,0.0,42.0,162.32522792022772,53,5,13,10,5,10,16,4,57,1,0,0,0,0,0
2022-09-22,57,4,30,6,39,2,15,1,0,0,1341.7,0.0,24.0,138.6846296296293,49,8,15,11,5,12,10,4,56,1,0,0,0,0,0
2022-09-23,49,10,75,4,28,12,8,1,0,0,2634.8,5.6,54.0,114.81794655414872,43,6,8,8,8,8,12,5,49,0,0,0,0,0,0
2022-09-24,93,10,34,0,5,82,5,1,0,0,1148.6,0.0,18.0,186.6983169934636,83,10,11,33,12,18,8,11,92,1,0,0,0,0,0
2022-09-25,117,9,7,0,0,111,5,1,0,0,440.8,0.0,6.0,125.80150793650785,105,12,28,35,16,17,10,11,117,0,0,0,0,0,0
2022-09-26,45,3,39,4,3,34,7,1,0,0,1721.3,0.0,36.0,156.24771317829428,39,6,7,11,9,6,6,6,45,0,0,0,0,0,0
2022-09-27,47,5,40,0,30,5,11,1,0,0,1943.5,0.0,48.0,112.40560416666628,42,5,14,5,7,9,9,3,46,1,0,0,0,0,0
2022-09-28,51,3,32,4,33,0,17,1,0,0,1477.2,0.0,30.0,256.6661574074071,39,12,23,8,6,8,3,3,51,0,0,0,0,0,0
2022-09-29,55,5,24,3,37,1,16,1,0,0,984.4,0.0,18.0,183.674588477366,43,12,17,11,3,16,5,3,55,0,0,0,1,0,0
2022-09-30,48,4,70,3,20,11,16,1,0,0,2228.8,0.0,42.0,128.67450152206965,41,7,14,10,1,13,9,1,48,0,0,0,0,0,0
2022-10-01,90,5,16,1,2,76,11,1,0,0,596.8,5.6,6.0,167.8341830065357,83,7,14,30,7,18,15,6,90,0,0,0,0,0,0
2022-10-02,92,6,8,0,0,84,7,1,0,0,390.8,0.0,24.0,82.41156249999975,85,7,19,27,12,15,14,5,92,0,0,0,0,0,0
2022-10-03,31,3,37,5,2,21,7,1,0,0,1831.6,16.52,60.0,181.68207010581995,24,7,9,3,6,5,6,2,31,0,0,0,0,0,0
2022-10-04,39,5,44,4,27,2,9,1,0,0,2068.4,0.0,42.0,146.49622685185156,28,11,9,4,4,12,7,3,38,1,0,0,0,0,0
2022-10-05,56,4,29,2,42,0,14,0,0,0,1175.3,0.0,30.0,143.36731182795666,47,9,17,2,7,15,13,2,55,1,0,0,0,0,0
2022-10-06,53,4,40,1,38,0,15,0,0,0,1684.3,0.0,24.0,159.47545392953907,44,9,13,5,6,17,11,1,53,0,0,0,0,0,0
2022-10-07,53,2,78,1,23,15,15,0,0,0,2490.4,11.2,36.0,148.8015682137831,45,8,18,8,6,9,10,2,51,2,0,0,0,0,0
2022-10-08,97,2,44,1,3,86,8,0,0,0,1249.0,0.0,12.0,251.02873456790087,88,9,18,29,10,20,10,10,97,0,0,0,0,0,0
2022-10-09,115,3,9,2,0,107,7,1,0,0,507.1,0.0,6.0,172.67015151515136,106,9,32,28,12,21,12,10,115,0,0,0,0,0,0
2022-10-10,45,2,37,4,3,36,5,1,0,0,2048.4,0.0,36.0,146.725101626016,42,3,10,9,8,9,6,3,45,0,0,0,0,0,0
2022-10-11,45,6,39,2,27,7,10,1,0,0,1759.2,0.0,30.0,190.56508807588048,39,6,12,9,6,13,4,1,44,1,0,0,0,0,0
2022-10-12,58,7,37,2,48,0,9,1,0,0,1502.2,0.0,12.0,192.8373219373216,51,7,20,11,7,11,8,1,58,0,0,0,0,0,0
2022-10-13,62,7,34,3,50,1,10,1,0,0,1547.2,0.0,42.0,140.87340840840824,57,5,18,10,8,15,11,0,60,2,0,0,0,0,0
2022-10-14,47,6,64,4,24,13,9,1,0,0,2110.6,5.6,60.0,179.70299836601276,40,7,13,13,5,8,5,3,47,0,0,0,0,0,0
2022-10-15,84,5,19,1,6,72,5,1,0,0,593.6,5.6,6.0,42.98336111111065,72,12,12,30,7,17,11,7,83,1,0,0,0,0,0
2022-10-16,89,4,11,1,0,83,5,1,0,0,631.0,8.780000000000001,18.0,208.5937962962959,77,12,19,25,10,17,12,6,89,0,0,0,0,0,0
2022-10-17,41,1,29,9,3,30,7,1,0,0,1546.9,62.0,30.0,182.8953581871341,34,7,5,12,7,10,5,2,41,0,0,0,0,0,0
2022-10-18,39,10,27,4,20,6,12,1,0,0,1321.3,28.72,6.0,187.8302150537632,33,6,7,11,3,10,8,0,38,1,0,0,0,0,0
2022-10-19,51,7,31,0,37,1,12,1,0,0,1470.6,27.06,24.0,97.18508064516104,46,5,9,10,7,16,9,0,48,3,0,0,0,0,0
2022-10-20,48,2,27,1,34,1,11,2,0,0,1400.9,0.0,12.0,77.37254960317432,39,9,8,10,7,13,10,0,48,0,0,0,0,0,0
2022-10-21,43,1,58,8,23,7,11,2,0,0,2163.3,18.84,36.0,133.72164562289532,36,7,8,11,9,7,8,0,43,0,0,0,0,0,0
2022-10-22,74,7,44,3,5,56,9,3,1,0,1113.2,53.01,12.0,147.98527777777744,66,8,6,25,11,7,13,12,73,0,1,0,0,0,1
2022-10-23,100,10,15,0,4,74,9,3,10,0,1002.2,3.36,24.0,323.122648148148,92,8,16,30,11,10,12,21,86,11,3,0,0,0,1
2022-10-24,49,4,44,2,5,28,13,3,0,0,2583.5,6.0,24.0,112.12416062801894,40,9,11,13,10,6,5,4,49,0,0,0,0,0,1
2022-10-25,61,5,24,1,30,10,17,4,0,0,1373.0,6.84,18.0,135.28405555555528,53,8,18,15,9,7,9,3,61,0,0,0,0,0,1
2022-10-26,65,6,26,1,38,1,21,5,0,0,1280.3,0.0,6.0,79.94567901234538,54,11,21,13,12,7,9,3,64,1,0,0,0,0,1
2022-10-27,61,6,23,3,31,1,24,5,0,0,991.2,0.0,12.0,207.73863247863235,51,10,20,13,9,8,8,3,61,0,0,0,0,0,1
2022-10-28,51,5,49,1,13,7,26,5,0,0,2463.3,0.0,18.0,101.37234444444404,42,9,15,14,12,3,4,3,51,0,0,0,0,0,1
2022-10-29,84,6,43,3,4,46,29,5,0,0,2274.3,13.12,24.0,241.7319082125604,73,11,13,28,16,13,6,8,84,0,0,0,0,0,1
2022-10-30,109,8,29,1,6,74,24,5,0,0,1270.7,0.0,0.0,156.2331388888886,96,13,32,28,12,17,12,8,109,0,0,0,0,0,1
2022-10-31,99,8,19,0,13,56,25,5,0,0,1082.7,0.0,24.0,317.8530263157892,88,11,23,27,13,18,13,5,99,0,0,0,0,0,1
2022-11-01,90,7,25,1,21,37,27,5,0,0,728.8,0.0,0.0,145.00354700854666,77,13,23,19,11,19,14,4,90,0,0,0,0,1,1
2022-11-02,55,3,26,2,18,1,25,4,7,0,1483.3,0.0,18.0,204.17281746031748,48,7,16,9,4,8,8,10,43,10,2,0,0,0,1
2022-11-03,50,3,27,2,24,2,21,3,0,0,1402.7,6.28,42.0,233.42611111111097,44,6,17,5,7,9,11,1,50,0,0,0,0,0,1
2022-11-04,53,3,56,2,16,16,17,4,0,0,1891.0,10.24,18.0,183.4965086206892,43,10,16,5,10,9,11,2,53,0,0,0,0,0,1
2022-11-05,88,4,26,0,6,65,14,3,0,0,942.3,1.37,12.0,131.99498931623904,77,11,13,17,14,15,21,8,88,0,0,0,0,0,1
2022-11-06,91,2,33,1,1,77,10,3,0,0,918.1,36.9,6.0,58.2195751633983,80,11,14,18,14,16,21,8,90,1,0,0,0,0,1
2022-11-07,56,1,37,3,6,27,10,3,10,0,1919.7,12.0,42.0,145.1455138888887,52,4,8,12,7,11,8,10,44,7,5,0,0,0,0
2022-11-08,53,4,41,3,35,4,11,3,0,0,1941.9,0.0,18.0,145.3098737373734,44,9,12,8,9,12,9,3,51,2,0,0,0,0,0
2022-11-09,65,5,27,0,48,0,15,2,0,0,1222.8,8.4,30.0,143.41272633744833,59,6,15,11,13,13,10,3,65,0,0,0,0,0,0
2022-11-10,49,2,64,4,28,2,17,2,0,0,3408.8,5.12,18.0,183.8604656862742,43,6,13,10,10,9,5,2,49,0,0,0,0,0,0
2022-11-11,84,3,82,5,11,59,12,2,0,0,3072.9,3.96,24.0,262.96578224776465,77,7,17,26,8,11,11,11,84,0,0,0,0,1,0
2022-11-12,154,8,114,8,4,136,12,2,0,0,1995.1,66.5,18.0,195.7492759562839,145,9,45,30,21,22,25,11,154,0,0,0,0,0,0
2022-11-13,223,11,4,0,30,149,13,1,30,0,254.8,0.0,6.0,19.06555555555525,214,9,53,42,23,29,35,41,163,53,7,0,0,0,0
2022-11-14,44,1,42,0,1,31,11,1,0,0,2445.1,6.84,42.0,294.0260648148148,40,4,15,6,11,4,6,2,44,0,0,0,0,0,0
2022-11-15,49,0,42,4,27,4,17,1,0,0,1828.3,4.52,30.0,239.36496980676304,41,8,14,6,12,9,8,0,49,0,0,0,0,0,0
2022-11-16,66,3,44,4,47,0,18,1,0,0,2007.2,0.0,36.0,171.26498842592562,56,10,19,7,13,13,13,1,65,1,0,0,0,0,0
2022-11-17,68,6,40,7,44,7,16,1,0,0,1809.6,0.0,24.0,131.9410342789595,60,8,16,10,11,18,11,2,67,1,0,0,0,0,0
2022-11-18,64,11,78,6,27,22,14,1,0,0,2564.2,8.399999999999999,30.0,127.77560846560826,54,10,14,11,14,16,6,3,64,0,0,0,0,0,0
2022-11-19,107,13,40,3,5,91,10,1,0,0,1425.3,12.8,18.0,147.70122093023232,97,10,17,34,18,21,6,11,107,0,0,0,0,0,0
2022-11-20,122,11,15,0,1,110,10,1,0,0,689.2,0.0,0.0,145.7878888888886,110,12,30,32,18,19,13,10,121,1,0,0,0,0,0
2022-11-21,57,3,35,2,7,38,11,1,0,0,1853.4,0.0,36.0,96.29096846846812,53,4,15,7,15,7,10,3,55,2,0,0,0,0,0
2022-11-22,53,2,47,0,29,8,15,1,0,0,2105.2000000000003,14.48,24.0,161.69543735224556,47,6,17,5,10,10,9,2,53,0,0,0,0,0,0
2022-11-23,64,1,33,9,46,1,16,1,0,0,1423.5,0.0,6.0,285.4301124338626,56,8,18,9,12,12,11,2,64,0,0,0,0,0,0
2022-11-24,55,10,47,1,37,1,16,1,0,0,2224.0,6.72,18.0,138.81068287037013,50,5,14,9,9,11,11,1,55,0,0,0,0,0,0
2022-11-25,69,10,90,6,30,24,14,1,0,0,3032.4,11.2,36.0,173.5439641203702,63,6,16,16,11,12,10,4,69,0,0,0,0,0,0
2022-11-26,122,8,28,1,7,103,11,1,0,0,1028.8,10.24,6.0,142.99452107279666,113,9,28,42,16,11,12,13,118,4,0,0,0,0,0
2022-11-27,128,8,10,3,1,117,9,1,0,0,535.6,0.0,18.0,385.13709401709343,120,8,35,38,18,12,13,12,127,1,0,0,0,0,0
2022-11-28,48,8,35,2,7,32,8,1,0,0,1938.0,0.0,30.0,142.11506756756754,43,5,12,10,9,4,7,6,46,2,0,0,0,0,0
2022-11-29,47,6,37,2,27,6,13,1,0,0,1471.3,0.0,30.0,149.0606908831907,40,7,9,7,11,9,7,4,47,0,0,0,0,0,0
2022-11-30,51,4,42,5,38,0,13,0,0,0,1970.3,6.0,30.0,206.6370803782504,44,7,9,7,13,7,10,5,49,2,0,0,0,0,0
2022-12-01,63,6,35,12,42,4,15,0,2,0,2140.8,7.89,12.0,111.50822695035424,56,7,6,6,16,17,12,6,60,2,1,0,0,0,0
2022-12-02,61,12,40,32,23,20,17,1,0,0,1585.6,2.99,12.0,340.2368672839504,54,7,9,14,14,9,8,7,61,0,0,0,0,0,0
2022-12-03,77,35,21,10,5,56,15,1,0,0,842.1999999999999,5.98,24.0,200.4085215053761,72,5,14,22,11,17,4,9,76,1,0,0,0,0,0
2022-12-04,87,40,6,3,1,72,13,1,0,0,387.5,0.0,0.0,149.9820061728393,79,8,29,22,10,15,2,9,87,0,0,0,0,0,0
2022-12-05,43,10,33,3,5,28,9,1,0,0,1809.7,0.0,36.0,221.4791512345677,38,5,15,6,6,7,1,8,42,1,0,0,0,0,0
2022-12-06,45,4,39,6,32,2,10,1,0,0,2112.4,6.0,30.0,203.6875370370368,38,7,15,8,5,11,2,4,44,1,0,0,0,0,0
2022-12-07,62,6,30,8,47,0,14,1,0,0,1381.6,0.0,12.0,206.6408114035085,54,8,20,9,9,13,8,3,62,0,0,0,0,0,0
2022-12-08,53,8,29,7,39,1,12,1,0,0,1254.6,0.0,12.0,147.76756172839475,48,5,20,6,5,13,7,2,53,0,0,0,0,0,0
2022-12-09,45,9,84,5,21,11,12,1,0,0,3233.1,26.910000000000004,18.0,141.0730805243443,39,6,12,8,5,11,6,3,45,0,0,0,0,0,0
2022-12-10,107,9,35,2,10,85,11,1,0,0,1252.5,0.0,6.0,270.35803303303294,100,7,25,33,6,22,9,12,106,1,0,0,0,0,0
2022-12-11,121,11,14,0,1,108,11,1,0,0,801.5,0.0,24.0,246.542242063492,115,6,33,32,9,20,15,12,121,0,0,0,0,0,0
2022-12-12,49,3,49,2,9,27,12,1,0,0,2735.1,0.0,42.0,189.7694389978211,45,4,12,7,7,10,9,4,48,1,0,0,0,0,0
2022-12-13,58,3,47,3,41,4,12,1,0,0,2356.6,3.54,24.0,149.51890555555528,51,7,17,11,6,11,9,4,58,0,0,0,0,0,0
2022-12-14,71,4,41,5,55,1,13,2,0,0,1862.5,7.44,18.0,193.4745531400964,63,8,19,8,11,13,18,2,71,0,0,0,0,0,0
2022-12-15,68,6,30,1,53,1,12,2,0,0,1276.4,0.0,6.0,107.19941756272374,59,9,27,8,7,12,13,1,67,1,0,0,0,0,0
2022-12-16,44,2,40,4,26,7,9,2,0,0,1582.7,11.72,30.0,200.26666035353503,40,4,18,6,7,5,6,2,43,1,0,0,0,0,0
2022-12-17,55,4,31,1,7,38,8,2,0,0,1443.9,3.59,36.0,412.4654340277776,50,5,15,13,7,7,10,3,54,1,0,0,0,0,1
2022-12-18,72,5,13,1,0,62,8,2,0,0,904.0,0.0,12.0,124.99498015872992,63,9,21,17,9,7,15,3,72,0,0,0,0,0,1
2022-12-19,46,4,31,0,9,24,11,2,0,0,1665.6,6.0,30.0,338.90975806451604,40,6,16,7,8,5,10,0,46,0,0,0,0,0,1
2022-12-20,52,2,23,6,30,7,13,2,0,0,1402.5,8.4,24.0,308.09654214559373,46,6,23,8,8,3,10,0,52,0,0,0,0,0,1
2022-12-21,46,5,28,1,23,0,20,3,0,0,1842.1,13.090000000000002,36.0,312.7871264367815,41,5,18,9,9,4,6,0,46,0,0,0,0,0,1
2022-12-22,47,4,36,4,12,1,30,4,0,0,2090.3,0.0,30.0,186.86042361111063,42,5,17,7,10,4,9,0,47,0,0,0,0,0,1
2022-12-23,62,8,57,18,4,20,34,4,0,0,3104.4,0.0,42.0,254.06799629629603,57,5,16,14,15,5,10,2,61,1,0,0,0,0,1
2022-12-24,107,26,24,8,0,65,38,4,0,0,1645.5,0.0,6.0,254.64479166666607,98,9,19,29,18,13,22,6,107,0,0,0,0,0,1
2022-12-25,129,31,13,4,0,79,46,4,0,0,972.7,0.0,6.0,234.70145424836576,119,10,29,29,27,17,21,6,129,0,0,0,0,1,1
2022-12-26,118,27,20,3,8,61,45,4,0,0,1472.3,0.0,12.0,356.29334541062764,109,9,30,24,25,16,19,4,118,0,0,0,0,0,1
2022-12-27,84,19,14,2,15,20,44,5,0,0,1072.5,0.0,18.0,215.819895833333,77,7,26,15,10,12,18,3,84,0,0,0,0,0,1
2022-12-28,69,15,13,1,18,4,42,5,0,0,907.0,0.0,12.0,244.3145238095236,60,9,18,9,9,12,18,3,69,0,0,0,0,0,1
2022-12-29,53,11,32,1,13,1,33,6,0,0,1213.0,6.98,24.0,115.60902356902322,47,6,13,9,11,9,8,3,53,0,0,0,0,0,1
2022-12-30,63,11,33,1,7,17,29,5,5,0,1336.5,0.0,12.0,220.8278022875813,55,8,17,12,6,12,8,8,56,6,1,0,0,0,1
2022-12-31,78,9,12,0,1,49,23,5,0,0,543.5,0.0,6.0,81.64942129629593,69,9,22,21,6,14,13,2,78,0,0,0,0,0,1
2023-01-01,83,9,0,0,0,58,20,5,0,0,0.0,0.0,0.0,0.0,74,9,27,19,8,14,13,2,83,0,0,0,0,1,1
2023-01-02,39,3,8,1,0,24,10,5,0,0,468.3,0.0,0.0,162.87249999999966,34,5,15,9,4,4,7,0,39,0,0,0,0,0,1
2023-01-03,16,3,20,1,5,0,7,4,0,0,901.4,0.0,6.0,78.85505291005256,14,2,4,3,2,4,3,0,16,0,0,0,0,0,0
2023-01-04,28,3,23,1,18,0,6,3,1,0,866.3,4.69,6.0,58.509803240740375,25,3,5,4,5,6,6,2,26,2,0,0,0,0,0
2023-01-05,33,2,14,1,26,0,4,3,0,0,686.9,0.0,18.0,37.066018518518064,29,4,9,9,4,5,5,1,33,0,0,0,0,0,0
2023-01-06,17,1,68,3,8,3,2,4,0,0,2513.8,17.94,42.0,109.2935172143971,14,3,4,3,3,3,4,0,17,0,0,0,0,0,0
2023-01-07,74,4,22,0,8,60,2,4,0,0,793.2,14.97,18.0,188.15954545454505,65,9,9,22,10,15,9,9,74,0,0,0,0,0,0
2023-01-08,86,4,7,0,2,79,1,4,0,0,417.0,0.0,6.0,482.553373015873,75,11,12,23,12,17,12,10,85,1,0,0,0,0,0
2023-01-09,32,0,41,2,5,21,3,3,0,0,2401.5,0.0,30.0,136.49333333333303,25,7,9,5,6,7,2,3,32,0,0,0,0,0,0
2023-01-10,44,2,35,2,31,1,9,3,0,0,1625.6,6.0,18.0,97.66735735735696,37,7,11,5,8,12,7,1,44,0,0,0,0,0,0
2023-01-11,60,3,20,2,48,0,10,2,0,0,914.8,0.0,6.0,80.68131313131272,53,7,15,5,15,13,12,0,58,2,0,0,0,0,0
2023-01-12,39,3,47,1,27,1,9,2,0,0,1631.9,2.39,30.0,117.64193287037006,33,6,10,3,8,10,8,0,38,1,0,0,0,0,0
2023-01-13,45,2,61,4,24,10,9,2,0,0,2238.9,5.98,30.0,191.8159829059826,38,7,16,5,4,10,8,2,44,1,0,0,0,0,0
2023-01-14,75,2,40,3,5,64,4,2,0,0,1115.3,18.78,12.0,108.55576873384985,66,9,11,24,7,15,10,8,75,0,0,0,0,0,0
2023-01-15,87,4,7,3,5,77,3,2,0,0,654.0,0.0,12.0,401.6574722222225,78,9,17,24,11,16,12,7,82,5,0,0,0,0,0
2023-01-16,35,5,46,4,5,25,2,3,0,0,2508.6,6.0,54.0,84.92650555555515,31,4,10,8,6,6,4,1,35,0,0,0,0,0,0
2023-01-17,51,4,39,2,37,4,7,3,0,0,1665.8,0.0,18.0,130.0681165311651,43,8,18,7,5,9,8,4,51,0,0,0,0,0,0
2023-01-18,60,5,30,6,50,0,7,3,0,0,1612.5,0.0,6.0,120.77010030864166,51,9,17,6,8,15,12,2,60,0,0,0,0,0,0
2023-01-19,43,9,18,9,27,4,9,3,0,0,610.0,0.0,0.0,99.83881687242764,39,4,14,9,5,12,3,0,43,0,0,0,1,0,0
2023-01-20,43,7,74,1,20,11,9,3,0,0,2467.6,43.96,30.0,114.37426296296265,40,3,12,9,4,14,3,1,43,0,0,0,0,0,0
2023-01-21,92,4,24,0,1,69,6,4,12,0,1125.9,5.74,18.0,59.57814814814776,86,6,11,31,7,19,5,19,80,11,1,0,0,0,0
2023-01-22,98,2,19,2,1,84,9,4,0,0,1035.7,97.14,12.0,197.3362698412696,89,9,22,29,13,21,6,7,97,1,0,0,0,0,0
2023-01-23,61,3,51,3,16,32,9,4,0,0,2829.1,504.27,24.0,106.29434670781868,53,8,16,10,11,12,9,3,60,1,0,0,0,0,0
2023-01-24,64,5,43,7,46,2,12,4,0,0,2271.5,232.47,48.0,169.50281666666618,59,5,16,8,11,11,15,3,63,1,0,0,0,0,0
2023-01-25,75,10,43,0,58,1,12,4,0,0,2397.3,118.32,24.0,173.24029069767423,65,10,20,10,10,15,16,4,71,4,0,0,0,0,0
2023-01-26,72,5,34,2,49,5,14,4,0,0,1496.6,100.08,18.0,77.02646604938235,65,7,22,12,7,16,12,3,71,1,0,0,0,0,0
2023-01-27,66,5,82,9,36,10,15,5,0,0,3062.2,98.28,30.0,214.53127594627577,59,7,18,10,9,13,11,5,66,0,0,0,0,0,0
2023-01-28,111,9,41,3,11,85,11,4,0,0,804.4,69.77000000000001,12.0,92.16941287878753,102,9,18,35,11,24,17,6,111,0,0,0,0,0,0
2023-01-29,126,9,10,1,2,96,7,4,17,0,489.6,0.0,12.0,62.35464646464609,116,10,18,34,14,21,17,22,107,14,5,0,0,0,0
2023-01-30,37,4,38,11,7,21,5,4,0,0,2126.0,46.17,36.0,185.1993990929701,32,5,9,5,7,6,7,3,37,0,0,0,0,0,0
2023-01-31,39,11,17,12,25,2,8,4,0,0,676.2,0.0,6.0,172.99590038314153,32,7,9,5,6,9,9,1,39,0,0,0,1,0,0
2023-02-01,38,14,37,3,28,0,6,4,0,0,1548.0,0.0,42.0,127.43777083333302,33,5,5,5,5,15,7,1,38,0,0,0,0,0,0
2023-02-02,43,12,24,2,31,3,6,3,0,0,1083.7,0.0,18.0,144.39441239316187,37,6,10,5,4,13,9,2,42,1,0,0,0,0,0
2023-02-03,40,6,52,1,21,10,6,3,0,0,1824.0,17.94,18.0,71.31612683438118,32,8,6,10,7,8,6,3,40,0,0,0,0,0,0
2023-02-04,68,3,33,0,11,51,3,3,0,0,1164.7,83.08,24.0,199.196212121212,61,7,9,21,10,13,7,8,68,0,0,0,0,0,1
2023-02-05,84,2,32,1,2,76,3,3,0,0,460.1,80.0,12.0,148.68404040404022,75,9,28,23,6,13,7,7,83,1,0,0,0,0,1
2023-02-06,47,1,24,2,5,19,2,2,19,0,1570.0,10.62,18.0,162.21905982905952,43,4,12,3,3,5,3,21,27,17,3,0,0,0,1
2023-02-07,28,3,8,4,19,1,6,2,0,0,402.6,26.97,12.0,152.706157407407,24,4,6,3,5,11,2,1,28,0,0,0,1,0,1
2023-02-08,28,5,53,4,20,0,6,2,0,0,1244.5,0.0,30.0,76.64280701754355,23,5,5,3,4,13,2,1,28,0,0,0,0,0,1
2023-02-09,58,7,17,2,32,0,6,1,19,0,681.6999999999999,0.0,12.0,85.43304093567221,51,7,6,9,3,14,6,20,32,19,7,0,0,0,1
2023-02-10,26,3,64,2,13,7,5,1,0,0,2656.2,27.380000000000003,30.0,239.9723989898987,21,5,4,5,2,9,4,2,26,0,0,0,0,0,1
2023-02-11,70,2,25,6,5,61,3,1,0,0,1463.4,4.78,24.0,183.3450716845876,65,5,11,35,3,15,1,5,69,1,0,0,1,0,1
2023-02-12,87,7,4,0,1,73,11,2,0,0,295.1,6.84,6.0,295.19249999999977,78,9,17,36,7,16,6,5,87,0,0,0,0,0,1
2023-02-13,36,3,29,1,4,19,11,2,0,0,1603.3,0.0,24.0,94.49098148148116,30,6,9,12,3,6,4,2,36,0,0,0,0,0,1
2023-02-14,39,1,26,2,22,0,15,2,0,0,1242.9,0.0,24.0,99.64359126984095,33,6,9,11,4,4,10,1,39,0,0,0,0,0,1
2023-02-15,45,2,20,7,27,0,15,3,0,0,1207.5,39.9,12.0,129.76853909464984,39,6,14,10,4,3,13,1,45,0,0,0,0,0,1
2023-02-16,38,5,18,3,17,3,15,3,0,0,724.2,0.0,6.0,135.44269841269806,32,6,11,8,5,4,7,3,37,1,0,0,1,0,1
2023-02-17,42,4,46,1,12,11,16,3,0,0,1615.0,0.0,18.0,132.35874113475143,36,6,10,11,5,6,5,5,41,1,0,0,0,0,1
2023-02-18,70,4,34,1,4,51,12,3,0,0,1194.9,34.67,6.0,205.28439682539656,63,7,12,22,5,17,8,6,70,0,0,0,0,0,1
2023-02-19,91,4,12,1,0,68,13,3,7,0,720.5,0.0,6.0,161.9671581196576,85,6,19,23,8,17,11,13,84,6,1,0,0,0,1
2023-02-20,49,4,25,3,6,27,13,3,0,0,1576.7,20.52,18.0,156.6852380952379,46,3,12,9,7,8,11,2,49,0,0,0,0,0,1
2023-02-21,45,3,15,3,26,3,13,3,0,0,960.2,0.0,12.0,131.76425925925895,39,6,13,5,9,3,15,0,45,0,0,0,0,0,1
2023-02-22,48,6,23,2,31,0,13,4,0,0,1146.8,0.0,0.0,75.11655555555517,40,8,17,5,7,7,12,0,48,0,0,0,0,0,1
2023-02-23,39,6,19,1,22,2,11,4,0,0,900.1,0.0,12.0,155.16088888888825,33,6,13,5,5,6,9,1,39,0,0,0,0,0,1
2023-02-24,41,4,38,1,24,6,7,4,0,0,1485.6,5.98,0.0,132.43862535612504,33,8,12,3,7,6,10,3,39,2,0,0,0,0,1
2023-02-25,53,2,18,2,7,39,4,3,0,0,713.5,0.0,12.0,252.85519444444384,49,4,12,11,6,11,9,4,53,0,0,0,0,0,1
2023-02-26,58,3,47,2,4,50,0,4,0,0,865.5,83.58,48.0,160.34332766439877,55,3,13,12,10,8,11,4,58,0,0,0,0,0,1
2023-02-27,52,2,18,1,8,18,3,4,19,0,1006.3,6.0,24.0,128.95508771929778,42,10,7,9,6,4,5,21,27,22,3,0,0,0,1
2023-02-28,22,1,24,0,12,1,5,4,0,0,1135.9,0.0,18.0,70.55971064814791,16,6,3,7,2,5,5,0,21,1,0,0,0,0,1
2023-03-01,33,1,36,3,23,0,6,4,0,0,1242.5,0.0,18.0,96.3898148148145,25,8,9,8,3,7,5,1,33,0,0,0,0,0,1
2023-03-02,47,3,24,1,30,0,7,4,6,0,931.0,0.0,12.0,91.61387777777756,38,9,14,7,3,8,8,7,39,4,4,0,0,0,1
2023-03-03,34,3,49,3,15,10,6,3,0,0,1874.9,8.97,18.0,100.6880929487176,27,7,11,9,3,4,3,4,34,0,0,0,0,0,1
2023-03-04,64,5,23,2,1,57,4,2,0,0,793.0,0.0,12.0,247.9707888888886,57,7,11,21,3,14,9,6,64,0,0,0,0,0,1
2023-03-05,83,5,8,0,0,77,4,2,0,0,436.8,0.0,6.0,133.82336805555525,74,9,22,22,4,14,15,6,83,0,0,0,0,0,1
2023-03-06,36,2,26,11,5,26,3,2,0,0,1873.4,0.0,30.0,206.6661036036033,29,7,11,7,4,5,9,0,35,1,0,0,0,0,0
2023-03-07,33,12,6,8,22,1,7,3,0,0,88.0,0.0,0.0,511.7519246031747,26,7,9,6,4,5,8,1,32,1,0,0,1,0,0
2023-03-08,27,12,18,8,16,1,7,3,0,0,906.4,0.0,6.0,128.37760683760635,22,5,6,6,3,4,6,2,26,1,0,0,0,0,0
2023-03-09,30,16,15,14,20,0,7,3,0,0,822.1,0.0,24.0,234.95011494252847,25,5,10,4,4,3,8,1,30,0,0,0,0,0,0
2023-03-10,32,19,29,16,12,7,9,3,1,0,1140.8,17.98,18.0,133.68496913580208,26,6,7,5,4,3,9,4,31,0,1,0,0,0,0
2023-03-11,45,23,2,3,6,30,6,3,0,0,53.8,0.0,0.0,134.42761111111102,38,7,5,14,6,10,7,3,45,0,0,0,1,0,0
2023-03-12,40,21,18,3,3,30,4,3,0,0,600.7,25.6,6.0,72.69345238095204,33,7,5,13,5,10,4,3,39,1,0,0,0,0,0
2023-03-13,30,11,28,12,4,13,5,2,6,0,1678.5,0.0,12.0,164.07324999999958,24,6,0,9,3,8,4,6,23,6,1,0,0,0,0
2023-03-14,36,13,21,6,25,1,8,2,0,0,1095.9,0.0,24.0,121.62301440329192,30,6,7,5,4,16,4,0,35,1,0,0,0,0,0
2023-03-15,41,12,19,7,31,0,8,2,0,0,814.5,0.0,6.0,99.30950854700822,33,8,8,6,5,13,9,0,41,0,0,0,1,0,0
2023-03-16,37,11,26,5,27,1,7,2,0,0,1364.8,0.0,18.0,75.79029569892445,33,4,8,5,5,11,8,0,36,1,0,0,0,0,0
2023-03-17,40,9,40,9,16,14,9,1,0,0,1373.0,17.94,12.0,156.4722165532877,38,2,9,7,7,12,5,0,40,0,0,0,0,0,0
2023-03-18,60,11,16,3,2,51,6,1,0,0,543.3,4.78,0.0,241.84533625730987,56,4,7,20,8,16,3,6,59,1,0,0,0,0,0
2023-03-19,70,13,16,1,3,61,5,1,0,0,877.4,0.0,18.0,175.1615359477121,66,4,13,20,13,15,2,7,69,1,0,0,0,0,0
2023-03-20,38,3,30,6,12,20,5,1,0,0,1924.1,0.0,12.0,171.36047839506142,35,3,9,7,8,7,5,2,38,0,0,0,0,0,0
2023-03-21,42,8,28,8,28,3,9,2,0,0,1527.9,6.0,24.0,144.27417438271573,39,3,10,7,6,10,8,1,41,1,0,0,1,0,0
2023-03-22,48,12,25,9,36,0,10,2,0,0,1127.3,0.0,30.0,187.25207516339847,43,5,14,8,6,12,7,1,48,0,0,0,0,0,0
2023-03-23,44,17,18,5,28,3,11,2,0,0,875.8,20.52,6.0,197.7333333333333,37,7,12,10,2,12,5,3,43,1,0,0,0,0,0
2023-03-24,43,7,55,5,22,8,11,2,0,0,2099.5,11.96,30.0,190.5477407407405,36,7,11,10,2,9,8,3,43,0,0,0,0,0,0
2023-03-25,72,6,30,3,8,57,6,1,0,0,1016.6,0.0,12.0,110.9532154882152,64,8,12,26,7,16,6,5,72,0,0,0,0,0,0
2023-03-26,90,8,10,4,1,82,6,1,0,0,611.1,14.07,0.0,475.38390873015845,82,8,21,28,13,14,8,6,89,1,0,0,0,0,0
2023-03-27,41,8,28,7,8,27,5,1,0,0,1678.1,9.0,30.0,163.8269444444442,39,2,11,5,10,7,5,3,40,1,0,0,0,0,0
2023-03-28,33,11,10,3,20,2,10,1,0,0,550.7,0.0,6.0,219.4853846153843,29,4,8,2,5,10,7,1,33,0,0,0,0,0,0
2023-03-29,31,10,24,3,18,0,12,1,0,0,1134.6,0.0,30.0,87.07739711934119,27,4,11,1,4,9,6,0,31,0,0,0,0,0,0
2023-03-30,39,2,27,7,25,1,12,1,0,0,1238.7,0.0,18.0,147.70246732026115,32,7,11,3,9,6,10,0,37,2,0,0,1,0,0
2023-03-31,39,7,73,4,17,7,14,1,0,0,2101.7,48.0,24.0,110.19409090909056,32,7,10,6,6,7,10,0,39,0,0,0,0,0,0
2023-04-01,85,8,27,3,5,54,9,1,16,0,847.5,0.0,12.0,86.55923148148104,77,8,12,21,7,17,6,22,69,9,7,0,0,0,0
2023-04-02,84,7,7,1,3,75,5,1,0,0,505.0,0.0,6.0,179.71298611111075,78,6,18,20,11,15,14,6,83,1,0,0,0,0,0
2023-04-03,26,3,42,3,4,16,5,1,0,0,2257.6,0.0,24.0,108.24172222222197,22,4,10,5,4,4,2,1,26,0,0,0,0,0,0
2023-04-04,51,4,32,8,39,4,6,2,0,0,1683.5,0.0,18.0,143.23205555555515,45,6,10,16,8,8,9,0,51,0,0,0,0,0,0
2023-04-05,47,10,26,4,39,0,6,2,0,0,942.5,0.0,12.0,117.03707407407376,42,5,12,10,5,11,7,2,47,0,0,0,0,0,0
2023-04-06,38,6,21,4,31,0,6,1,0,0,1091.0,0.0,24.0,122.82116666666631,35,3,10,5,5,9,8,1,38,0,0,0,1,0,0
2023-04-07,34,4,49,1,14,13,6,1,0,0,2251.6,5.98,24.0,241.77717777777744,30,4,8,11,1,8,4,2,34,0,0,0,0,0,0
2023-04-08,68,3,24,1,7,54,6,1,0,0,1149.9,5.98,0.0,190.4851555555552,62,6,14,21,4,10,8,11,67,1,0,0,0,0,1
2023-04-09,80,4,8,0,0,75,4,1,0,0,384.8,0.0,0.0,95.71784722222188,75,5,19,22,7,10,11,11,80,0,0,0,0,0,1
2023-04-10,72,3,9,0,3,64,4,1,0,0,538.1,0.0,6.0,42.24311728395023,68,4,18,21,7,10,8,8,72,0,0,0,0,1,1
2023-04-11,27,1,41,2,8,12,6,1,0,0,2292.3,0.0,30.0,125.47534883720904,25,2,6,5,5,7,2,2,26,1,0,0,0,0,1
2023-04-12,45,0,28,5,35,0,9,1,0,0,1055.4,0.0,30.0,101.23162457912424,41,4,9,6,6,14,7,3,45,0,0,0,0,0,1
2023-04-13,45,5,17,1,33,3,8,1,0,0,712.9,0.0,12.0,44.95679012345639,39,6,7,6,7,13,10,2,45,0,0,0,1,0,1
2023-04-14,37,1,57,3,20,7,9,1,0,0,2078.2,5.98,30.0,132.92338888888855,34,3,10,6,4,10,4,3,36,1,0,0,0,0,1
2023-04-15,62,3,32,0,3,48,10,1,0,0,1237.8,1.06,12.0,132.4595746527773,59,3,7,25,6,10,2,12,61,1,0,0,0,0,1
2023-04-16,85,3,42,1,2,70,12,1,0,0,1455.6,51.2,18.0,150.823249354005,80,5,15,26,11,14,7,12,84,1,0,0,0,0,1
2023-04-17,69,4,31,2,13,28,15,0,13,0,1940.1,0.0,36.0,137.78122895622877,65,4,14,13,8,10,8,16,55,11,3,0,0,0,1
2023-04-18,46,1,48,1,22,3,21,0,0,0,2353.1,0.0,18.0,90.04636054421736,39,7,15,5,3,11,11,1,46,0,0,0,0,0,1
2023-04-19,73,2,31,1,49,0,24,0,0,0,1645.5,0.0,12.0,142.40740451388865,66,7,21,8,9,14,19,2,72,1,0,0,0,0,1
2023-04-20,68,1,23,2,41,1,25,1,0,0,1098.8,0.0,18.0,103.82967777777726,62,6,21,5,10,19,12,1,68,0,0,0,0,0,1
2023-04-21,57,1,58,2,22,12,22,1,0,0,2818.3,5.98,18.0,230.4337546296293,49,8,13,7,13,14,8,2,55,2,0,0,0,0,1
2023-04-22,88,3,28,1,9,59,18,2,0,0,1324.9,0.0,12.0,194.5602873563216,81,7,16,19,17,18,10,8,87,1,0,0,0,0,1
2023-04-23,102,4,17,1,3,78,19,2,0,0,1246.7,0.78,12.0,173.17717592592572,93,9,19,22,16,21,16,8,101,1,0,0,0,0,1
2023-04-24,58,3,31,2,7,26,23,2,0,0,1956.0,0.0,12.0,151.9190235690232,51,7,17,12,8,10,8,3,58,0,0,0,0,0,1
2023-04-25,64,2,37,2,29,7,26,2,0,0,2049.4,0.0,6.0,256.2609971509968,55,9,21,8,9,14,10,2,64,0,0,0,0,0,1
2023-04-26,74,2,23,1,43,1,28,2,0,0,1275.7,0.0,18.0,135.52237268518488,66,8,24,8,11,12,16,3,72,2,0,0,0,0,1
2023-04-27,68,2,23,2,36,2,28,2,0,0,1757.5,27.36,12.0,430.3362888888887,61,7,18,9,7,14,16,4,67,1,0,0,0,0,1
2023-04-28,68,3,50,3,23,9,33,3,0,0,2323.9,0.0,12.0,150.4340303983226,60,8,18,10,14,9,14,3,68,0,0,0,0,0,1
2023-04-29,91,4,28,4,11,52,25,3,0,0,1305.2,0.0,24.0,96.13187499999964,84,7,23,18,16,14,12,8,90,1,0,0,0,0,1
2023-04-30,96,6,41,2,1,74,17,4,0,0,704.8,73.60000000000001,24.0,124.3626033591729,89,7,22,15,21,15,15,8,96,0,0,0,0,0,1
2023-05-01,97,7,5,0,6,56,14,4,17,0,151.5,0.0,12.0,66.5097222222216,90,7,16,16,18,11,13,23,76,18,3,0,0,1,1
2023-05-02,28,4,25,1,3,11,10,4,0,0,1289.6,7.44,24.0,89.2356517094015,23,5,6,1,9,4,6,2,28,0,0,0,0,0,1
2023-05-03,32,2,21,1,23,0,5,4,0,0,1027.0,6.0,30.0,76.81569444444413,26,6,11,3,6,5,6,1,31,1,0,0,0,0,1
2023-05-04,36,2,24,1,25,0,7,4,0,0,1371.9,0.0,12.0,115.33912222222165,28,8,4,5,6,9,11,1,35,1,0,0,0,0,1
2023-05-05,33,1,64,2,8,13,8,4,0,0,2920.4,8.97,36.0,174.02407828282793,29,4,7,6,3,7,8,2,33,0,0,0,0,0,1
2023-05-06,88,2,50,3,2,72,11,3,0,0,1701.1,27.54,12.0,148.50201781970625,80,8,15,30,8,18,9,8,88,0,0,0,0,0,1
2023-05-07,128,4,8,0,6,99,11,3,9,0,361.6,0.0,6.0,125.44263888888862,120,8,28,35,14,17,16,18,113,12,3,0,0,0,1
2023-05-08,89,3,4,1,5,71,10,3,0,0,331.2,0.0,12.0,449.1093888888894,82,7,22,25,8,12,14,8,89,0,0,0,0,1,1
2023-05-09,23,2,43,1,3,7,9,4,0,0,2456.6,6.0,24.0,161.2112815656563,19,4,7,5,2,4,3,2,23,0,0,0,0,0,0
2023-05-10,51,2,31,3,34,0,13,4,0,0,1245.6,0.0,24.0,116.84836601307144,44,7,15,8,4,9,14,1,49,2,0,0,0,0,0
2023-05-11,52,4,31,5,39,0,9,4,0,0,1417.2,0.0,12.0,85.34260030864161,44,8,18,6,7,12,7,2,51,1,0,0,0,0,0
2023-05-12,43,6,51,3,23,8,7,5,0,0,2034.1,5.98,12.0,103.6602572016458,38,5,15,9,4,6,7,2,42,1,0,0,0,0,0
2023-05-13,76,4,38,0,7,55,9,5,0,0,1309.2,0.0,24.0,132.51733918128616,70,6,17,31,7,7,8,6,76,0,0,0,0,0,0
2023-05-14,101,2,40,1,1,87,9,4,0,0,1197.8,67.2,12.0,110.4800542005417,92,9,34,31,14,8,8,6,100,1,0,0,0,0,0
2023-05-15,68,3,41,1,12,29,8,4,15,0,1807.5,0.0,18.0,335.3588822751321,65,3,18,11,7,10,5,17,51,15,2,0,0,0,0
2023-05-16,58,2,38,0,41,5,8,4,0,0,1586.5,0.0,12.0,50.43589912280661,53,5,16,7,12,11,11,1,58,0,0,0,0,0,0
2023-05-17,49,1,34,2,31,0,14,4,0,0,2232.0,27.0,42.0,221.50480709876533,45,4,18,8,10,4,6,3,48,1,0,0,0,0,0
2023-05-18,53,3,31,0,13,15,21,4,0,0,2191.2000000000003,0.0,12.0,184.88367383512525,45,8,12,16,6,7,6,6,53,0,0,0,0,1,0
2023-05-19,73,2,27,0,12,38,19,4,0,0,1131.8,0.0,0.0,61.53632716049345,63,10,21,17,12,9,9,5,73,0,0,0,0,1,0
2023-05-20,91,2,15,0,9,61,17,4,0,0,720.0,0.0,6.0,247.96599999999987,83,8,26,20,16,14,8,7,91,0,0,0,0,0,0
2023-05-21,96,2,8,0,3,72,16,4,1,0,450.5,0.0,6.0,54.86027777777725,87,9,30,19,16,14,7,10,95,0,1,0,0,0,0
2023-05-22,41,0,39,3,4,22,11,4,0,0,2556.1,0.0,36.0,169.07366402116378,35,6,13,7,5,7,5,4,41,0,0,0,0,0,0
2023-05-23,51,3,56,5,31,4,14,2,0,0,2639.0,3.54,18.0,140.3553460837884,44,7,15,7,7,10,9,3,51,0,0,0,0,0,0
2023-05-24,81,7,31,2,61,2,16,2,0,0,1247.2,0.0,12.0,183.03498316498283,73,8,26,8,9,16,20,2,78,3,0,0,0,0,0
2023-05-25,70,6,20,2,52,0,17,1,0,0,1120.4,0.0,0.0,140.27166666666642,61,9,30,8,6,12,13,1,70,0,0,0,0,0,0
2023-05-26,43,1,73,3,17,8,17,1,0,0,3320.5,8.34,6.0,319.34130116959017,40,3,15,8,6,6,7,1,43,0,0,0,0,0,0
2023-05-27,95,4,70,5,4,76,12,1,2,0,2252.6,70.19,54.0,435.5600185185182,94,1,15,33,8,12,19,8,93,2,0,0,0,0,0
2023-05-28,146,8,5,0,6,110,10,1,19,0,352.20000000000005,0.0,0.0,60.500222222222,136,10,26,40,13,12,29,26,122,21,3,0,0,0,0
2023-05-29,99,5,6,0,4,84,10,1,0,0,453.5,0.0,12.0,80.25601851851816,91,8,22,26,10,10,24,7,99,0,0,0,0,1,0
2023-05-30,31,1,36,2,7,14,10,0,0,0,2113.3,0.0,24.0,146.16388888888864,27,4,9,7,1,4,7,3,31,0,0,0,0,0,0
2023-05-31,44,3,38,1,32,0,12,0,0,0,1896.9,0.0,24.0,153.46280626780597,39,5,14,7,7,6,9,1,43,1,0,0,0,0,0
2023-06-01,61,2,42,1,44,2,15,0,0,0,1582.1,0.0,30.0,75.83752583979286,55,6,19,10,11,13,6,2,60,1,0,0,0,0,0
2023-06-02,63,3,80,5,42,8,13,0,0,0,3194.8,0.0,36.0,146.52009803921538,58,5,20,10,8,12,10,3,61,2,0,0,0,0,0
2023-06-03,103,5,28,1,9,80,13,1,0,0,1205.0,5.98,12.0,265.22866858237524,95,8,23,33,8,22,4,13,103,0,0,0,0,0,0
2023-06-04,117,6,14,1,1,103,12,1,0,0,929.5,0.0,12.0,253.5502777777776,109,8,36,32,9,21,6,13,117,0,0,0,0,0,0
2023-06-05,41,3,49,1,7,20,12,2,0,0,3053.4,2.39,36.0,164.2283666666663,38,3,15,7,6,8,1,4,41,0,0,0,0,0,0
2023-06-06,62,3,30,6,40,2,18,2,0,0,1423.3,0.0,18.0,230.6352160493824,55,7,26,8,6,12,9,1,60,2,0,0,1,0,0
2023-06-07,67,8,46,0,47,0,18,2,0,0,2015.0,3.54,6.0,121.59632850241512,59,8,27,12,8,12,7,1,67,0,0,0,0,0,0
2023-06-08,72,6,33,1,50,3,17,2,0,0,1369.2,0.0,24.0,151.20929738562063,64,8,23,15,8,17,7,2,71,1,0,0,0,0,0
2023-06-09,56,3,73,2,26,13,15,2,0,0,2694.0,27.4,42.0,238.09135555555525,52,4,22,8,9,13,3,1,55,1,0,0,0,0,0
2023-06-10,97,4,26,3,8,78,9,2,0,0,813.4,5.98,24.0,173.75294061302682,91,6,17,30,11,19,9,11,96,1,0,0,0,0,0
2023-06-11,107,4,53,4,2,97,6,2,0,0,1415.9,3.2,24.0,128.1140302144247,98,9,30,29,9,19,9,11,105,2,0,0,0,0,0
2023-06-12,73,4,36,2,33,33,4,2,1,0,2056.7000000000003,0.0,24.0,142.1155482456137,66,7,12,24,7,17,9,4,44,29,0,0,0,0,0
2023-06-13,44,2,39,2,35,4,3,2,0,0,1812.5,0.0,42.0,209.426070460704,41,3,10,4,9,12,7,2,43,1,0,0,0,0,0
2023-06-14,51,3,37,3,45,2,3,1,0,0,1582.2,3.54,12.0,124.11820833333304,44,7,12,10,7,14,5,3,51,0,0,0,0,0,0
2023-06-15,58,5,26,1,49,5,3,1,0,0,1214.6,0.0,24.0,423.81289094650174,51,7,13,12,9,14,7,3,57,1,0,0,0,0,0
2023-06-16,51,2,86,4,31,16,3,1,0,0,3208.1,11.96,36.0,174.91071296296258,46,5,13,8,8,9,8,5,49,2,0,0,0,0,0
2023-06-17,103,5,29,0,9,92,1,1,0,0,956.8,0.0,6.0,246.9242241379309,96,7,19,28,14,20,11,11,103,0,0,0,0,0,0
2023-06-18,109,2,13,1,1,106,1,1,0,0,773.6,0.0,12.0,222.135099206349,101,8,25,27,15,17,14,11,108,1,0,0,0,0,0
2023-06-19,49,1,52,3,11,36,1,1,0,0,2850.9,0.0,24.0,195.0682474747474,45,4,16,5,9,6,8,5,48,1,0,0,0,0,0
2023-06-20,49,3,18,3,42,4,2,1,0,0,769.8,0.0,18.0,193.25099206349185,45,4,11,8,7,14,7,2,49,0,0,0,0,0,0
